{
  "artifact": "oph_d10_ew_w_anchor_neutral_shear_box_dominance",
  "bounds": {
    "delta_MZ_after_exact_W_anchor_mev": [
      1.388386266697239,
      20.22660220146122
    ],
    "delta_alphaY_parallel": [
      -6.826941583483183e-07,
      5.366844521303444e-06
    ],
    "delta_alphaY_perp": [
      1.3235505888408134e-06,
      1.92809083393621e-05
    ],
    "delta_n_tree_exact": [
      3.014232435525575e-05,
      0.0004391002489281554
    ],
    "fiber_parallel_share_of_total": [
      -1.0652840883935129,
      0.2579197577499231
    ],
    "neutral_shear_share_of_total": [
      0.7420802422500768,
      2.0652840883935126
    ]
  },
  "corner_samples": [
    {
      "MW_target_gev": 80.365,
      "MZ_fiber_after_exact_W_anchor_gev": 91.169765251673,
      "MZ_target_gev": 91.18596433000005,
      "alpha2_dagger": 0.03376054507184362,
      "alpha2_star": 0.03377843630219015,
      "alphaY_dagger": 0.009703640106542594,
      "alphaY_star": 0.009682831911900495,
      "alpha_em_eff_inv_dagger": 132.67448536646248,
      "coeff_delta_alphaY_perp_per_gev_delta_MZ": 0.0009532239926892998,
      "coeff_delta_n_per_gev_delta_MZ": 0.02170856710208341,
      "delta_MZ_after_exact_W_anchor_gev": 0.016199078327048255,
      "delta_MZ_after_exact_W_anchor_mev": 16.199078327048255,
      "delta_alpha2_dagger": -1.789123034653256e-05,
      "delta_alpha2_tree": -1.789123034653256e-05,
      "delta_alphaY_parallel": 5.366844521303444e-06,
      "delta_alphaY_perp": 1.544135012079564e-05,
      "delta_alphaY_total": 2.0808194642099084e-05,
      "delta_n_dagger": 0.00035165877885463213,
      "delta_n_tree_exact": 0.00035165877885463213,
      "fiber_parallel_share_of_total": 0.2579197577499231,
      "n_fiber_dagger": 0.9894945764385187,
      "neutral_shear_share_of_total": 0.7420802422500768,
      "sin2w_eff_dagger": 0.22325599954806014,
      "tau2_w_anchor": -0.0005296642564051046,
      "tauY_fiber_dagger": -0.04376428837624411
    },
    {
      "MW_target_gev": 80.365,
      "MZ_fiber_after_exact_W_anchor_gev": 91.169765251673,
      "MZ_target_gev": 91.18999185387446,
      "alpha2_dagger": 0.03376054507184362,
      "alpha2_star": 0.03377843630219015,
      "alphaY_dagger": 0.00970747966476116,
      "alphaY_star": 0.009682831911900495,
      "alpha_em_eff_inv_dagger": 132.63372481164555,
      "coeff_delta_alphaY_perp_per_gev_delta_MZ": 0.0009532450456740183,
      "coeff_delta_n_per_gev_delta_MZ": 0.021709046559309587,
      "delta_MZ_after_exact_W_anchor_gev": 0.02022660220146122,
      "delta_MZ_after_exact_W_anchor_mev": 20.22660220146122,
      "delta_alpha2_dagger": -1.789123034653256e-05,
      "delta_alpha2_tree": -1.789123034653256e-05,
      "delta_alphaY_parallel": 5.366844521303444e-06,
      "delta_alphaY_perp": 1.92809083393621e-05,
      "delta_alphaY_total": 2.4647752860665543e-05,
      "delta_n_dagger": 0.0004391002489281554,
      "delta_n_tree_exact": 0.0004391002489281554,
      "fiber_parallel_share_of_total": 0.2177417370111738,
      "n_fiber_dagger": 0.9894945764385187,
      "neutral_shear_share_of_total": 0.7822582629888262,
      "sin2w_eff_dagger": 0.2233246098386986,
      "tau2_w_anchor": -0.0005296642564051046,
      "tauY_fiber_dagger": -0.04376428837624411
    },
    {
      "MW_target_gev": 80.389,
      "MZ_fiber_after_exact_W_anchor_gev": 91.18457594373335,
      "MZ_target_gev": 91.18596433000005,
      "alpha2_dagger": 0.03378071241005523,
      "alpha2_star": 0.03377843630219015,
      "alphaY_dagger": 0.009683472768330988,
      "alphaY_star": 0.009682831911900495,
      "alpha_em_eff_inv_dagger": 132.871427995166,
      "coeff_delta_alphaY_perp_per_gev_delta_MZ": 0.0009533014122858908,
      "coeff_delta_n_per_gev_delta_MZ": 0.021710330243297334,
      "delta_MZ_after_exact_W_anchor_gev": 0.001388386266697239,
      "delta_MZ_after_exact_W_anchor_mev": 1.388386266697239,
      "delta_alpha2_dagger": 2.2761078650804234e-06,
      "delta_alpha2_tree": 2.2761078650804234e-06,
      "delta_alphaY_parallel": -6.826941583483183e-07,
      "delta_alphaY_perp": 1.3235505888408134e-06,
      "delta_alphaY_total": 6.408564304924951e-07,
      "delta_n_dagger": 3.014232435525575e-05,
      "delta_n_tree_exact": 3.014232435525575e-05,
      "fiber_parallel_share_of_total": -1.0652840883935129,
      "n_fiber_dagger": 0.9898160928930181,
      "neutral_shear_share_of_total": 2.0652840883935126,
      "sin2w_eff_dagger": 0.2227920005537425,
      "tau2_w_anchor": 6.738345862777884e-05,
      "tauY_fiber_dagger": -0.04436138439685349
    },
    {
      "MW_target_gev": 80.389,
      "MZ_fiber_after_exact_W_anchor_gev": 91.18457594373335,
      "MZ_target_gev": 91.18999185387446,
      "alpha2_dagger": 0.03378071241005523,
      "alpha2_star": 0.03377843630219015,
      "alphaY_dagger": 0.009687312326549553,
      "alphaY_star": 0.009682831911900495,
      "alpha_em_eff_inv_dagger": 132.83049751687764,
      "coeff_delta_alphaY_perp_per_gev_delta_MZ": 0.0009533224652706093,
      "coeff_delta_n_per_gev_delta_MZ": 0.021710809700523512,
      "delta_MZ_after_exact_W_anchor_gev": 0.005415910141110203,
      "delta_MZ_after_exact_W_anchor_mev": 5.415910141110203,
      "delta_alpha2_dagger": 2.2761078650804234e-06,
      "delta_alpha2_tree": 2.2761078650804234e-06,
      "delta_alphaY_parallel": -6.826941583483183e-07,
      "delta_alphaY_perp": 5.163108807407272e-06,
      "delta_alphaY_total": 4.480414649058954e-06,
      "delta_n_dagger": 0.00011758379442877906,
      "delta_n_tree_exact": 0.00011758379442877906,
      "fiber_parallel_share_of_total": -0.15237298594488533,
      "n_fiber_dagger": 0.9898160928930181,
      "neutral_shear_share_of_total": 1.1523729859448852,
      "sin2w_eff_dagger": 0.2228606518297066,
      "tau2_w_anchor": 6.738345862777884e-05,
      "tauY_fiber_dagger": -0.04436138439685349
    }
  ],
  "forward_claim_allowed": false,
  "generated_utc": "2026-06-29T06:03:13Z",
  "status": "diagnostic_compare_only",
  "target_box": {
    "MW_box_gev": [
      80.365,
      80.389
    ],
    "MZ_box_gev": [
      91.18596433000005,
      91.18999185387446
    ],
    "kind": "local_machine_readable_reference_1sigma_box"
  },
  "theorem": {
    "name": "Reference-box neutral-shear dominance theorem",
    "statement": "Over the current local reference 1-sigma W/Z box, the W-anchored remaining D10 repair scalar stays positive and the neutral-shear component dominates the total hypercharge repair."
  },
  "verdict": {
    "delta_MZ_after_exact_W_anchor_positive_everywhere": true,
    "neutral_shear_dominates_total_hypercharge_repair_everywhere": true
  }
}
