{
  "artifact": "oph_d10_ew_w_anchor_neutral_shear_box_dominance",
  "bounds": {
    "delta_MZ_after_exact_W_anchor_mev": [
      12.926047890161385,
      26.428286663033873
    ],
    "delta_alphaY_parallel": [
      4.056157951255659e-06,
      7.937728000640752e-06
    ],
    "delta_alphaY_perp": [
      1.2321631438495854e-05,
      2.5191751198110626e-05
    ],
    "delta_n_tree_exact": [
      0.00028061081649348874,
      0.0005737128161873988
    ],
    "fiber_parallel_share_of_total": [
      0.20088835891974358,
      0.2707628500148257
    ],
    "neutral_shear_share_of_total": [
      0.7292371499851744,
      0.7991116410802565
    ]
  },
  "corner_samples": [
    {
      "MW_target_gev": 80.3548,
      "MZ_fiber_after_exact_W_anchor_gev": 91.16347171333696,
      "MZ_target_gev": 91.1859,
      "alpha2_dagger": 0.033751975776587145,
      "alpha2_star": 0.03377843630219015,
      "alphaY_dagger": 0.009712148075473917,
      "alphaY_star": 0.009682831911900495,
      "alpha_em_eff_inv_dagger": 132.59172893810944,
      "coeff_delta_alphaY_perp_per_gev_delta_MZ": 0.0009531907583475315,
      "coeff_delta_n_per_gev_delta_MZ": 0.021707810228626695,
      "delta_MZ_after_exact_W_anchor_gev": 0.022428286663043195,
      "delta_MZ_after_exact_W_anchor_mev": 22.428286663043195,
      "delta_alpha2_dagger": -2.6460525603004548e-05,
      "delta_alpha2_tree": -2.6460525603004548e-05,
      "delta_alphaY_parallel": 7.937728000640752e-06,
      "delta_alphaY_perp": 2.137843557278197e-05,
      "delta_alphaY_total": 2.931616357342272e-05,
      "delta_n_dagger": 0.00048686899063458077,
      "delta_n_tree_exact": 0.00048686899063458077,
      "fiber_parallel_share_of_total": 0.2707628500148257,
      "n_fiber_dagger": 0.9893579695910532,
      "neutral_shear_share_of_total": 0.7292371499851744,
      "sin2w_eff_dagger": 0.2234520614871055,
      "tau2_w_anchor": -0.0007833555516387758,
      "tauY_fiber_dagger": -0.04351053939202386
    },
    {
      "MW_target_gev": 80.3548,
      "MZ_fiber_after_exact_W_anchor_gev": 91.16347171333696,
      "MZ_target_gev": 91.1899,
      "alpha2_dagger": 0.033751975776587145,
      "alpha2_star": 0.03377843630219015,
      "alphaY_dagger": 0.009715961391099247,
      "alphaY_star": 0.009682831911900495,
      "alpha_em_eff_inv_dagger": 132.55131774457365,
      "coeff_delta_alphaY_perp_per_gev_delta_MZ": 0.0009532116674573222,
      "coeff_delta_n_per_gev_delta_MZ": 0.021708286409268827,
      "delta_MZ_after_exact_W_anchor_gev": 0.026428286663033873,
      "delta_MZ_after_exact_W_anchor_mev": 26.428286663033873,
      "delta_alpha2_dagger": -2.6460525603004548e-05,
      "delta_alpha2_tree": -2.6460525603004548e-05,
      "delta_alphaY_parallel": 7.937728000640752e-06,
      "delta_alphaY_perp": 2.5191751198110626e-05,
      "delta_alphaY_total": 3.312947919875138e-05,
      "delta_n_dagger": 0.0005737128161873988,
      "delta_n_tree_exact": 0.0005737128161873988,
      "fiber_parallel_share_of_total": 0.23959712596206215,
      "n_fiber_dagger": 0.9893579695910532,
      "neutral_shear_share_of_total": 0.7604028740379378,
      "sin2w_eff_dagger": 0.2235201857778057,
      "tau2_w_anchor": -0.0007833555516387758,
      "tauY_fiber_dagger": -0.04351053939202386
    },
    {
      "MW_target_gev": 80.3702,
      "MZ_fiber_after_exact_W_anchor_gev": 91.17297395210984,
      "MZ_target_gev": 91.1859,
      "alpha2_dagger": 0.03376491415077082,
      "alpha2_star": 0.03377843630219015,
      "alphaY_dagger": 0.009699209701290247,
      "alphaY_star": 0.009682831911900495,
      "alpha_em_eff_inv_dagger": 132.71772563773547,
      "coeff_delta_alphaY_perp_per_gev_delta_MZ": 0.000953240429185971,
      "coeff_delta_n_per_gev_delta_MZ": 0.02170894142416683,
      "delta_MZ_after_exact_W_anchor_gev": 0.012926047890161385,
      "delta_MZ_after_exact_W_anchor_mev": 12.926047890161385,
      "delta_alpha2_dagger": -1.3522151419330386e-05,
      "delta_alpha2_tree": -1.3522151419330386e-05,
      "delta_alphaY_parallel": 4.056157951255659e-06,
      "delta_alphaY_perp": 1.2321631438495854e-05,
      "delta_alphaY_total": 1.6377789389751512e-05,
      "delta_n_dagger": 0.00028061081649348874,
      "delta_n_tree_exact": 0.00028061081649348874,
      "fiber_parallel_share_of_total": 0.24766211450941122,
      "n_fiber_dagger": 0.9895642277651944,
      "neutral_shear_share_of_total": 0.7523378854905889,
      "sin2w_eff_dagger": 0.22315438209000757,
      "tau2_w_anchor": -0.00040031904669446394,
      "tauY_fiber_dagger": -0.04389365456045813
    },
    {
      "MW_target_gev": 80.3702,
      "MZ_fiber_after_exact_W_anchor_gev": 91.17297395210984,
      "MZ_target_gev": 91.1899,
      "alpha2_dagger": 0.03376491415077082,
      "alpha2_star": 0.03377843630219015,
      "alphaY_dagger": 0.009703023016915575,
      "alphaY_star": 0.009682831911900495,
      "alpha_em_eff_inv_dagger": 132.6772065795355,
      "coeff_delta_alphaY_perp_per_gev_delta_MZ": 0.0009532613382957617,
      "coeff_delta_n_per_gev_delta_MZ": 0.02170941760480896,
      "delta_MZ_after_exact_W_anchor_gev": 0.016926047890152063,
      "delta_MZ_after_exact_W_anchor_mev": 16.926047890152063,
      "delta_alpha2_dagger": -1.3522151419330386e-05,
      "delta_alpha2_tree": -1.3522151419330386e-05,
      "delta_alphaY_parallel": 4.056157951255659e-06,
      "delta_alphaY_perp": 1.6134947063824507e-05,
      "delta_alphaY_total": 2.0191105015080166e-05,
      "delta_n_dagger": 0.00036745464204630677,
      "delta_n_tree_exact": 0.00036745464204630677,
      "fiber_parallel_share_of_total": 0.20088835891974358,
      "n_fiber_dagger": 0.9895642277651944,
      "neutral_shear_share_of_total": 0.7991116410802565,
      "sin2w_eff_dagger": 0.22322253249525492,
      "tau2_w_anchor": -0.00040031904669446394,
      "tauY_fiber_dagger": -0.04389365456045813
    }
  ],
  "forward_claim_allowed": false,
  "generated_utc": "2026-07-11T06:46:42Z",
  "status": "diagnostic_compare_only",
  "target_box": {
    "MW_box_gev": [
      80.3548,
      80.3702
    ],
    "MZ_box_gev": [
      91.1859,
      91.1899
    ],
    "kind": "local_machine_readable_reference_1sigma_box"
  },
  "theorem": {
    "name": "Reference-box neutral-shear dominance theorem",
    "statement": "Over the current local reference 1-sigma W/Z box, the W-anchored remaining D10 repair scalar stays positive and the neutral-shear component dominates the total hypercharge repair."
  },
  "verdict": {
    "delta_MZ_after_exact_W_anchor_positive_everywhere": true,
    "neutral_shear_dominates_total_hypercharge_repair_everywhere": true
  }
}
