{
  "artifact": "oph_quark_public_exact_yukawa_end_to_end_theorem",
  "descended_physical_sigma_datum": {
    "eta_ud": 1.1388321137934274,
    "sigma_d": 3.296264198808688,
    "sigma_seed_ud": 4.4350963126021155,
    "sigma_u": 5.573928426395543
  },
  "display_allowed_as_selected_class_exact_witness": true,
  "generated_utc": "2026-06-29T06:17:26Z",
  "lemma_chain": [
    "oph_quark_public_physical_sigma_datum_descent",
    "oph_quark_absolute_readout_algebraic_collapse",
    "oph_quark_exact_pdg_end_to_end_theorem",
    "oph_quark_exact_yukawa_end_to_end_theorem"
  ],
  "minimal_exact_blocker_set": [
    "quark_public_physical_sigma_source_datum_no_target_leak"
  ],
  "non_circularity_status": {
    "missing_source_object": "quark_public_physical_sigma_source_datum_no_target_leak",
    "promotion_allowed": false,
    "public_sigma_promotion_allowed": false,
    "public_sigma_proof_status": "blocked_by_target_derived_public_sigma_datum",
    "strict_audit_label": "selected_class_target_anchored_exact_witness",
    "target_derived_sigma_datum_used": true
  },
  "notes": [
    "This artifact displays the selected-class exact witness but is not promotable under the strict non-circularity audit because the public sigma datum descends from an exact target surface.",
    "The exact matrices Y_u and Y_d are the same numerical matrices already emitted on the closed local chain."
  ],
  "proof_status": "blocked_by_target_derived_public_sigma_datum",
  "public_exact_outputs": {
    "exact_running_values_gev": {
      "b": 4.182999999999994,
      "c": 1.2729999999999992,
      "d": 0.004699999999999999,
      "s": 0.09349999999999999,
      "t": 172.35235532883115,
      "u": 0.0021600000000000005
    },
    "forward_yukawa_artifact": {
      "V_CKM": {
        "imag": [
          [
            -0.021075106800808,
            0.035136732330326076,
            0.002916513311259807
          ],
          [
            0.0322775354867898,
            -0.05158633104777016,
            0.014626401431637612
          ],
          [
            -0.002634430293622458,
            -0.011760738521600898,
            -0.13810628753754062
          ]
        ],
        "real": [
          [
            -0.9983615199144433,
            0.03969185676376108,
            0.003402341157797594
          ],
          [
            -0.0421860965126713,
            -0.9966389212066333,
            -0.03184766129860623
          ],
          [
            0.0012919630054201992,
            -0.03318678595956761,
            0.9897870307385931
          ]
        ]
      },
      "Y_d": {
        "imag": [
          [
            -8.469032392492673e-05,
            -0.04469356247073978,
            0.03061658929677337
          ],
          [
            -0.001988344011406569,
            0.003194924642756838,
            0.04791198586575021
          ],
          [
            -0.0009676819844115424,
            0.004796317114471378,
            -0.059471442759862325
          ]
        ],
        "real": [
          [
            0.0040119161110299196,
            -0.018444696054507805,
            0.2504632492273224
          ],
          [
            0.001015080721988674,
            0.07040928504554975,
            -1.8986086663126518
          ],
          [
            0.000258935251149727,
            0.03760118401287332,
            3.71796617878044
          ]
        ]
      },
      "Y_u": {
        "imag": [
          [
            0.0,
            -0.6595080949875203,
            -0.22197603877932698
          ],
          [
            -0.0009919417678881874,
            6.814628833822519e-17,
            6.528135920646223
          ],
          [
            -0.0004959708839440939,
            0.09669476926225765,
            -2.6864877063647804e-16
          ]
        ],
        "real": [
          [
            0.0017972723209952284,
            -0.23305927823150263,
            13.056271841292437
          ],
          [
            0.0004384586490648617,
            0.9333176005235941,
            -78.78158312531318
          ],
          [
            0.00011502446975846438,
            0.5008291361595694,
            152.59641044700592
          ]
        ]
      },
      "artifact": "oph_quark_current_family_transport_frame_exact_forward_yukawas",
      "certification_status": "forward_matrix_certified",
      "forward_certified": true,
      "jarlskog": -3.735348679994253e-06,
      "scope": "current_family_common_refinement_transport_frame_only",
      "singular_values_d": [
        0.0046999999999367175,
        0.09350000000000759,
        4.182999999999995
      ],
      "singular_values_u": [
        0.002160000710515581,
        1.2730000000009922,
        172.35235532883115
      ]
    }
  },
  "public_promotion_allowed": false,
  "selected_public_physical_frame_class": {
    "representative": {
      "imag": [
        [
          -1.3877787807814457e-17,
          0.05009425914198984,
          0.00330779312957997
        ],
        [
          0.05017324446641114,
          2.7755575615628914e-17,
          -0.03502914355626323
        ],
        [
          0.002639713781749561,
          -0.03518891333641638,
          0.0
        ]
      ],
      "real": [
        [
          0.9985839396728717,
          -0.017337781091391193,
          0.003023322652421325
        ],
        [
          0.017439941964954978,
          0.9979730902258549,
          0.0010790045157064929
        ],
        [
          -0.001281133298986152,
          -0.0011908447009604676,
          0.9993756615386034
        ]
      ]
    },
    "representative_abs_matrix": [
      [
        0.9985839396728717,
        0.053009748652090724,
        0.004481291694226159
      ],
      [
        0.053117850446222435,
        0.9979730902258549,
        0.0350457579320267
      ],
      [
        0.0029341764397066705,
        0.035209057540633325,
        0.9993756615386034
      ]
    ],
    "selected_by": "P",
    "symbol": "[F0^dagger F1]"
  },
  "supporting_theorem_artifacts": {
    "local_exact_pdg_wrapper": "oph_quark_exact_pdg_end_to_end_theorem",
    "local_exact_yukawa_wrapper": "oph_quark_exact_yukawa_end_to_end_theorem",
    "public_sigma_datum_descent": "oph_quark_public_physical_sigma_datum_descent"
  },
  "target_name": "target_free_public_exact_forward_quark_yukawas",
  "theorem_scope": "selected_public_physical_quark_frame_class_only",
  "theorem_statement": "From OPH axioms + P, the public quark frame class selected by P carries, by target_free_public_physical_sigma_datum_descent, the unique theorem-grade physical sigma datum already realized on the closed transport-frame chain. The affine mean law then emits the absolute sector scales algebraically, the ordered three-point readout yields the exact running quark sextet, and the exact forward construction emits explicit exact Yukawa matrices Y_u and Y_d on that public selected class."
}
