{
  "artifact": "oph_quark_d12_current_family_target_anchored_value_package",
  "comparison_to_other_local_d12_packages": {
    "difference_vs_internal_backread": {
      "Delta_ud_overlap": -0.004741693073308517,
      "eta_Q_centered": 0.0006428544986832388,
      "t1": -0.023708465366542586
    },
    "difference_vs_sample_same_family_point": {
      "Delta_ud_overlap": -0.004336639726099961,
      "eta_Q_centered": 0.0005879394372412632,
      "t1": -0.021683198630499834
    },
    "internal_backread": {
      "Delta_ud_overlap": 0.13431740757663183,
      "eta_Q_centered": -0.018210067243314802,
      "t1": 0.6715870378831591
    },
    "sample_same_family_point": {
      "Delta_ud_overlap": 0.13391235422942327,
      "eta_Q_centered": -0.018155152181872827,
      "t1": 0.6695617711471163
    }
  },
  "computed_candidate_theorem_texts": {
    "light_quark_overlap_defect_value_law": "On the exact current-family light-quark witness, Delta_ud_overlap = (1/6) * log(m_d / m_u).",
    "quark_d12_t1_value_law": "On the exact current-family light-quark witness, t1 = ray_modulus = (5/6) * log(m_d / m_u), equivalently Delta_ud_overlap = t1 / 5."
  },
  "computed_candidate_theorem_values": {
    "light_quark_overlap_defect_value_law": {
      "Delta_ud_overlap": 0.1295757145033233
    },
    "quark_d12_t1_value_law": {
      "Delta_ud_overlap": 0.1295757145033233,
      "ell_ud": 0.7774542870199399,
      "eta_Q_centered": -0.017567212744631563,
      "kappa_Q": -0.011997751342900306,
      "ray_modulus": 0.6478785725166165,
      "t1": 0.6478785725166165
    }
  },
  "computed_d12_scalars": {
    "Delta_ud_overlap": 0.1295757145033233,
    "Delta_ud_overlap_formula": "(1/6) * ell_ud",
    "eta_Q_centered": -0.017567212744631563,
    "eta_Q_centered_formula": "-((1 - x2^2) / 27) * t1",
    "kappa_Q": -0.011997751342900306,
    "kappa_Q_formula": "-t1 / 54",
    "ray_modulus": 0.6478785725166165,
    "t1": 0.6478785725166165,
    "t1_formula": "(5/6) * ell_ud"
  },
  "equivalent_public_target_if_promotable": {
    "light_quark_overlap_defect_value_law": {
      "Delta_ud_overlap": 0.1295757145033233
    },
    "quark_d12_t1_value_law": {
      "ray_modulus": 0.6478785725166165,
      "t1": 0.6478785725166165
    }
  },
  "forced_source_payload": {
    "beta_d_diag_B_source": -0.06478785725166165,
    "beta_d_diag_B_source_formula": "-t1 / 10",
    "beta_u_diag_B_source": 0.06478785725166165,
    "beta_u_diag_B_source_formula": "t1 / 10",
    "source_readback_d_log_per_side": [
      0.06478785725166165,
      0.0,
      -0.06478785725166165
    ],
    "source_readback_u_log_per_side": [
      -0.06478785725166165,
      0.0,
      0.06478785725166165
    ]
  },
  "generated_utc": "2026-06-12T05:39:02Z",
  "notes": [
    "The input masses are taken from the exact current-family readout witness, which is target-anchored and explicitly not public-promotion-allowed.",
    "This package is useful for local theorem search and consistency checks because it computes the exact missing scalar package the public proof is trying to internalize.",
    "Numerically, this target-anchored current-family package differs from the existing continuation-only internal-backread values, so it should not be conflated with the public theorem frontier."
  ],
  "proof_status": "computed_target_anchored_value_package_from_exact_current_family_witness",
  "public_promotion_allowed": false,
  "scope": "current_family_only",
  "source_artifacts": {
    "exact_readout": "oph_quark_current_family_exact_readout",
    "light_ratio_theorem": "oph_quark_current_family_light_ratio_theorem",
    "mass_ray": "oph_quark_d12_mass_ray",
    "overlap_transport_law": "oph_quark_d12_overlap_transport_law",
    "spread_map": "oph_family_excitation_spread_map"
  },
  "target_anchored_inputs": {
    "ell_ud": 0.7774542870199399,
    "ell_ud_formula": "log(m_d / m_u)",
    "light_mass_ratio": 2.1759259259259274,
    "m_d": 0.004700000000000002,
    "m_u": 0.0021599999999999996
  },
  "theorem_boundary_note": "This sidecar computes the missing D12 scalar package from the exact current-family witness. It is not a public theorem-grade emission of light_quark_overlap_defect_value_law or quark_d12_t1_value_law.",
  "transport_on_theorem_grade_sigma_branch": {
    "Lambda_ud_B_transport": 0.1345665473856261,
    "Lambda_ud_B_transport_formula": "sigma_u_total_log_per_side * sigma_d_total_log_per_side * Delta_ud_overlap / (2 * (sigma_u_total_log_per_side + sigma_d_total_log_per_side))",
    "sigma_d_total_log_per_side": 3.3049,
    "sigma_source_kind": "theorem_grade_mean_surface_readback",
    "sigma_u_total_log_per_side": 5.5905,
    "tau_d_log_per_side": 0.04071728263657784,
    "tau_d_log_per_side_formula": "sigma_u_total_log_per_side * Delta_ud_overlap / (2 * (sigma_u_total_log_per_side + sigma_d_total_log_per_side))",
    "tau_d_over_tau_u": 1.691579170322854,
    "tau_u_log_per_side": 0.02407057461508382,
    "tau_u_log_per_side_formula": "sigma_d_total_log_per_side * Delta_ud_overlap / (2 * (sigma_u_total_log_per_side + sigma_d_total_log_per_side))",
    "tau_u_plus_tau_d": 0.06478785725166167
  }
}
