{
  "algebraic_consequence_after_closure": {
    "forced_exact_yukawas": {
      "V_CKM": {
        "imag": [
          [
            -0.021075106800808,
            0.035136732330326076,
            0.002916513311259807
          ],
          [
            0.0322775354867898,
            -0.05158633104777016,
            0.014626401431637612
          ],
          [
            -0.002634430293622458,
            -0.011760738521600898,
            -0.13810628753754062
          ]
        ],
        "real": [
          [
            -0.9983615199144433,
            0.03969185676376108,
            0.003402341157797594
          ],
          [
            -0.0421860965126713,
            -0.9966389212066333,
            -0.03184766129860623
          ],
          [
            0.0012919630054201992,
            -0.03318678595956761,
            0.9897870307385931
          ]
        ]
      },
      "artifact": "oph_quark_current_family_transport_frame_exact_forward_yukawas",
      "certification_status": "forward_matrix_certified",
      "forward_certified": true,
      "jarlskog": -3.735348679994253e-06,
      "singular_values_d": [
        0.0046999999999367175,
        0.09350000000000759,
        4.182999999999995
      ],
      "singular_values_u": [
        0.002160000710515581,
        1.2730000000009922,
        172.35235532883115
      ]
    },
    "forced_running_values_gev": {
      "b": 4.182999999999994,
      "c": 1.2729999999999992,
      "d": 0.004699999999999999,
      "s": 0.09349999999999999,
      "t": 172.35235532883115,
      "u": 0.0021600000000000005
    },
    "statement": "Once the theorem-grade physical sigma datum is public, the affine mean law algebraically emits (g_u, g_d), the ordered three-point readout yields the exact running quark sextet, and the already-closed exact forward construction emits explicit quark Yukawa matrices Y_u and Y_d.",
    "supporting_algebraic_collapse_artifact": "oph_quark_absolute_readout_algebraic_collapse"
  },
  "algebraic_consequence_if_closed": {
    "forced_exact_yukawas": {
      "V_CKM": {
        "imag": [
          [
            -0.021075106800808,
            0.035136732330326076,
            0.002916513311259807
          ],
          [
            0.0322775354867898,
            -0.05158633104777016,
            0.014626401431637612
          ],
          [
            -0.002634430293622458,
            -0.011760738521600898,
            -0.13810628753754062
          ]
        ],
        "real": [
          [
            -0.9983615199144433,
            0.03969185676376108,
            0.003402341157797594
          ],
          [
            -0.0421860965126713,
            -0.9966389212066333,
            -0.03184766129860623
          ],
          [
            0.0012919630054201992,
            -0.03318678595956761,
            0.9897870307385931
          ]
        ]
      },
      "artifact": "oph_quark_current_family_transport_frame_exact_forward_yukawas",
      "certification_status": "forward_matrix_certified",
      "forward_certified": true,
      "jarlskog": -3.735348679994253e-06,
      "singular_values_d": [
        0.0046999999999367175,
        0.09350000000000759,
        4.182999999999995
      ],
      "singular_values_u": [
        0.002160000710515581,
        1.2730000000009922,
        172.35235532883115
      ]
    },
    "forced_running_values_gev": {
      "b": 4.182999999999994,
      "c": 1.2729999999999992,
      "d": 0.004699999999999999,
      "s": 0.09349999999999999,
      "t": 172.35235532883115,
      "u": 0.0021600000000000005
    },
    "statement": "This consequence is now realized: the theorem-grade physical sigma datum is public on the selected class, so the affine mean law and exact forward construction emit the exact masses and Yukawas.",
    "supporting_algebraic_collapse_artifact": "oph_quark_absolute_readout_algebraic_collapse"
  },
  "alternate_upstream_route": {
    "current_attached_data_obstruction": {
      "commutator_operator_norm": 0.04861550547372144,
      "commutator_over_defect": 0.7639462085733872,
      "commutator_over_defect_squared": 12.004684594077071,
      "projector_defect_operator_norm": 0.06363734112184061,
      "reason": "On the displayed level-0/level-1 projector systems, the natural centered operators built from the proxy ordered spectrum have a commutator that is linear in the projector defect rather than quadratic-small, so the displayed current artifacts do not themselves force the transfer lemma."
    },
    "id": "oph_generation_bundle_branch_generator_splitting",
    "smaller_exact_missing_clause": "compression_descendant_commutator_vanishes_or_is_uniformly_quadratic_small_after_central_split",
    "statement": "On the realized generation bundle, the centered compressed generation-bundle branch generator has a persistent simple spectrum with label-stable one-dimensional Riesz projectors functorial under every refinement intertwiner, and the same-label transport classes are presentation-independent modulo objectwise U(1).",
    "status": "upstream_alternative_route_currently_deprioritized",
    "upstream_object": "oph_generation_bundle_branch_generator_splitting",
    "why_relevant": "If the persistent simple-spectrum splitting theorem closes, the overlap-edge line lift upgrades from candidate readout to public same-label transport class, providing an upstream route into the public same-label physical sigma carrier."
  },
  "artifact": "oph_quark_public_strengthened_physical_sigma_lift_frontier",
  "final_public_theorem_candidate": {
    "id": "target_free_public_physical_sigma_datum_descent",
    "induces_global_contract": {
      "id": "strengthened_quark_physical_sigma_ud_lift",
      "role": "public_same_label_left_handed_sigma_datum_on_selected_physical_frame_class"
    },
    "kind": "public_bridge_descent_of_exact_sigma_readout",
    "must_emit": {
      "physical_sigma_datum": {
        "eta_ud": 1.1388321137934274,
        "sigma_d": 3.296264198808688,
        "sigma_seed_ud": 4.4350963126021155,
        "sigma_u": 5.573928426395543
      },
      "sigma_ud_phys_element": "{sigma_id, canonical_token, U_u_left, U_d_left, V_CKM, ckm_invariants}"
    },
    "selected_public_exact_sigma_datum": {
      "eta_ud": 1.1388321137934274,
      "sigma_d": 3.296264198808688,
      "sigma_seed_ud": 4.4350963126021155,
      "sigma_u": 5.573928426395543
    },
    "selected_public_frame_class": {
      "representative": {
        "imag": [
          [
            -1.3877787807814457e-17,
            0.05009425914198984,
            0.00330779312957997
          ],
          [
            0.05017324446641114,
            2.7755575615628914e-17,
            -0.03502914355626323
          ],
          [
            0.002639713781749561,
            -0.03518891333641638,
            0.0
          ]
        ],
        "real": [
          [
            0.9985839396728717,
            -0.017337781091391193,
            0.003023322652421325
          ],
          [
            0.017439941964954978,
            0.9979730902258549,
            0.0010790045157064929
          ],
          [
            -0.001281133298986152,
            -0.0011908447009604676,
            0.9993756615386034
          ]
        ]
      },
      "representative_abs_matrix": [
        [
          0.9985839396728717,
          0.053009748652090724,
          0.004481291694226159
        ],
        [
          0.053117850446222435,
          0.9979730902258549,
          0.0350457579320267
        ],
        [
          0.0029341764397066705,
          0.035209057540633325,
          0.9993756615386034
        ]
      ],
      "selected_by": "P",
      "symbol": "[F0^dagger F1]"
    },