{
  "E_d_log_exact": [
    -3.260540130101604,
    -0.2701412025229759,
    3.53068133262458
  ],
  "E_u_log_exact": [
    -5.888737130993507,
    0.4902862458678261,
    5.39845088512568
  ],
  "artifact": "oph_quark_current_family_exact_readout",
  "candidate_scale_residuals_d": [
    -2.9675905950811605e-05,
    -0.0005903611077449217,
    -0.026411556296229932
  ],
  "candidate_scale_residuals_u": [
    2.468252560134526e-07,
    0.00014546692171513165,
    0.01969486769831974
  ],
  "exact_fit_residuals_d": [
    1.734723475976807e-18,
    -1.3877787807814457e-17,
    -6.217248937900877e-15
  ],
  "exact_fit_residuals_u": [
    -4.336808689942018e-19,
    -4.440892098500626e-16,
    -1.1368683772161603e-13
  ],
  "g_d": 0.12249897208633505,
  "g_d_candidate_from_mean_split": 0.12172551081512113,
  "g_u": 0.7796501962057188,
  "g_u_candidate_from_mean_split": 0.7797392875757557,
  "generated_utc": "2026-06-29T06:17:25Z",
  "notes": [
    "This current-family exact witness uses the fixed ordered three-point quark carrier and the closed quadratic readout theorem on that carrier.",
    "It does not reopen a richer ray family or add a third scalar beyond the compact sector-mean split.",
    "The exact witness uses the geometric means implied by the current-family reference targets; the mean-split candidate scales are retained separately for audit and residual reporting only."
  ],
  "ordered_coordinate_x": [
    -1.0,
    -0.5175863354681689,
    1.0
  ],
  "predicted_singular_values_d": [
    0.004700000000000002,
    0.09349999999999999,
    4.182999999999994
  ],
  "predicted_singular_values_u": [
    0.0021599999999999996,
    1.2729999999999995,
    172.3523553288311
  ],
  "proof_status": "current_family_exact_witness",
  "quadratic_basis": {
    "linear": [
      -0.8274712215106104,
      -0.34505755697877927,
      1.1725287784893896
    ],
    "quadratic_centered": [
      0.2440347951122107,
      -0.4880695902244214,
      0.2440347951122107
    ]
  },
  "quadratic_coefficients_d": {
    "linear": 3.395610731363092,
    "quadratic": -1.847154502040493
  },
  "quadratic_coefficients_u": {
    "linear": 5.643594008059593,
    "quadratic": -4.994474262877307
  },
  "readout_chain_status": "closed_within_current_family_scope",
  "reference_targets_d": [
    0.0047,
    0.0935,
    4.183
  ],
  "reference_targets_u": [
    0.00216,
    1.273,
    172.3523553288312
  ],
  "sector_mean_split_artifact": "oph_quark_sector_mean_split",
  "smallest_constructive_missing_object": null,
  "supporting_readout_theorem": "oph_quark_current_family_quadratic_readout_theorem",
  "target_centered_log_d": [
    -3.2605401301016044,
    -0.2701412025229759,
    3.530681332624581
  ],
  "target_centered_log_u": [
    -5.888737130993507,
    0.49028624586782643,
    5.39845088512568
  ],
  "theorem_scope": "current_family_only"
}
