{
  "artifact": "oph_quark_current_family_quadratic_readout_theorem",
  "exact_centered_log_d": [
    -3.2586331771312373,
    -0.2746720400274574,
    3.533305217158695
  ],
  "exact_centered_log_u": [
    -5.88822252656129,
    0.49072229261902467,
    5.397500233942265
  ],
  "exact_fit_residuals_d": [
    -8.673617379884035e-19,
    -1.3877787807814457e-17,
    0.0
  ],
  "exact_fit_residuals_u": [
    8.673617379884035e-19,
    4.440892098500626e-16,
    -2.8421709430404007e-13
  ],
  "generated_utc": "2026-07-18T05:33:34Z",
  "input_kind": "ordered_three_point_quark_carrier_plus_target_family",
  "notes": [
    "This closes the target-anchored same-family quark readout chain on the fixed ordered three-point carrier.",
    "It does not change the separate theorem-grade physical-branch boundary on the selected D12 sheet."
  ],
  "ordered_carrier_artifact": "oph_family_excitation_spread_map",
  "ordered_coordinate_x": [
    -1.0,
    -0.5175863354681689,
    1.0
  ],
  "predicted_singular_values_d": [
    0.004699999999999999,
    0.0929,
    4.186
  ],
  "predicted_singular_values_u": [
    0.002160000000000001,
    1.2729000000000004,
    172.0999999999997
  ],
  "proof_status": "closed_current_family_exact_readout",
  "quadratic_basis": {
    "invertible": true,
    "linear": [
      -0.8274712215106104,
      -0.34505755697877927,
      1.1725287784893896
    ],
    "minor_determinant": 0.48806959022442137,
    "minor_first_two_rows": [
      [
        -0.8274712215106104,
        0.2440347951122107
      ],
      [
        -0.34505755697877927,
        -0.4880695902244214
      ]
    ],
    "quadratic_centered": [
      0.2440347951122107,
      -0.4880695902244214,
      0.2440347951122107
    ]
  },
  "reference_targets_d": [
    0.0047,
    0.09290000000000001,
    4.186
  ],
  "reference_targets_u": [
    0.00216,
    1.2729,
    172.1
  ],
  "sector_exact_coefficients_d": {
    "linear": 3.395969197144966,
    "quadratic": -1.8381247524601083
  },
  "sector_exact_coefficients_u": {
    "linear": 5.6428613802517775,
    "quadratic": -4.994849717511911
  },
  "sector_exact_geometric_means": {
    "g_d": 0.12226559489803175,
    "g_u": 0.7792490879740623
  },
  "smallest_constructive_missing_object": null,
  "target_centered_log_d": [
    -3.2586331771312373,
    -0.27467204002745715,
    3.533305217158695
  ],
  "target_centered_log_u": [
    -5.88822252656129,
    0.49072229261902434,
    5.397500233942266
  ],
  "target_source_artifact": "particle_reference_values.json",
  "theorem_scope": "current_family_only",
  "theorem_statement": "On the fixed ordered three-point quark carrier with x = (-1, x2, 1) and x2 != +/-1, the centered log readout is uniquely quadratic: every centered log triple y with sum(y)=0 has a unique decomposition y = a * ctr(X_ord) + b * ctr(X_ord^2). For the current-family quark targets, the unique centered logs together with the sector geometric means g_u and g_d therefore emit one exact same-family sextet.",
  "uniqueness_contract": {
    "absolute_scale_solver_d": "g_d = exp(mean(log target_d))",
    "absolute_scale_solver_u": "g_u = exp(mean(log target_u))",
    "centered_log_formula": "y = a * ctr(X_ord) + b * ctr(X_ord^2)",
    "coefficient_solver": "[a, b]^T = B^{-1} * [y1, y2]^T where B is the first-two-row quadratic basis minor"
  }
}
