{
  "artifact": "oph_quark_local_basis_orbit_diagnostic",
  "basis_set": [
    "L",
    "R",
    "Rbar"
  ],
  "best_nonphysical_candidate": {
    "basis_d": "Rbar",
    "basis_u": "R",
    "ckm": {
      "delta_ckm": 5.401337553522908,
      "jarlskog": -1.1455717018005035e-07,
      "theta_12": 0.00962108878789002,
      "theta_13": 0.0005522156476756107,
      "theta_23": 0.027949438976154883
    },
    "diagnostic_compare_shell_loss": 0.04690664383866579,
    "exclusion_reason": "CKM on the current corpus is defined on ordered same-label left eigenframes only",
    "physical_admissible": false
  },
  "elements": [
    {
      "basis_d": "L",
      "basis_u": "L",
      "ckm": {
        "delta_ckm": 1.1425176572856126,
        "jarlskog": 3.8133260949987364e-10,
        "theta_12": 0.001422947430185358,
        "theta_13": 3.6453932140965745e-05,
        "theta_23": 0.008081660758692473
      },
      "diagnostic_compare_shell_loss": 0.05154293989564667,
      "exclusion_reason": null,
      "physical_admissible": true
    },
    {
      "basis_d": "R",
      "basis_u": "L",
      "ckm": {
        "delta_ckm": 1.2405320195546699,
        "jarlskog": 7.186439695041404e-08,
        "theta_12": 0.006599555613820336,
        "theta_13": 0.00044342888403237627,
        "theta_23": 0.02597238949042004
      },
      "diagnostic_compare_shell_loss": 0.048288178470545465,
      "exclusion_reason": "CKM on the current corpus is defined on ordered same-label left eigenframes only",
      "physical_admissible": false
    },
    {
      "basis_d": "Rbar",
      "basis_u": "L",
      "ckm": {
        "delta_ckm": 5.665370211308595,
        "jarlskog": -8.696386548739718e-08,
        "theta_12": 0.00935804662777743,
        "theta_13": 0.0005894946540152796,
        "theta_23": 0.0272297591193109
      },
      "diagnostic_compare_shell_loss": 0.04704345259212679,
      "exclusion_reason": "CKM on the current corpus is defined on ordered same-label left eigenframes only",
      "physical_admissible": false
    },
    {
      "basis_d": "L",
      "basis_u": "R",
      "ckm": {
        "delta_ckm": 1.1692516441742749,
        "jarlskog": 1.9307983101503625e-09,
        "theta_12": 0.003277545489586849,
        "theta_13": 6.750114231510675e-05,
        "theta_23": 0.009482045908291051
      },
      "diagnostic_compare_shell_loss": 0.050616572751051914,
      "exclusion_reason": "CKM on the current corpus is defined on ordered same-label left eigenframes only",
      "physical_admissible": false
    },
    {
      "basis_d": "R",
      "basis_u": "R",
      "ckm": {
        "delta_ckm": 1.1241213054509729,
        "jarlskog": 1.0362265987047114e-07,
        "theta_12": 0.008459096829590056,
        "theta_13": 0.00049287338614167,
        "theta_23": 0.027572971184683753
      },
      "diagnostic_compare_shell_loss": 0.04742235157670939,
      "exclusion_reason": "CKM on the current corpus is defined on ordered same-label left eigenframes only",
      "physical_admissible": false
    },
    {
      "basis_d": "Rbar",
      "basis_u": "R",
      "ckm": {
        "delta_ckm": 5.401337553522908,
        "jarlskog": -1.1455717018005035e-07,
        "theta_12": 0.00962108878789002,
        "theta_13": 0.0005522156476756107,
        "theta_23": 0.027949438976154883
      },
      "diagnostic_compare_shell_loss": 0.04690664383866579,
      "exclusion_reason": "CKM on the current corpus is defined on ordered same-label left eigenframes only",
      "physical_admissible": false
    },
    {
      "basis_d": "L",
      "basis_u": "Rbar",
      "ckm": {
        "delta_ckm": 0.5992216147197119,
        "jarlskog": 2.3492665336440463e-09,
        "theta_12": 0.004588620886277065,
        "theta_13": 9.195374784149409e-05,
        "theta_23": 0.009872701227916041
      },
      "diagnostic_compare_shell_loss": 0.05000850249620173,
      "exclusion_reason": "CKM on the current corpus is defined on ordered same-label left eigenframes only",
      "physical_admissible": false
    },
    {
      "basis_d": "R",
      "basis_u": "Rbar",
      "ckm": {
        "delta_ckm": 0.881847753656678,
        "jarlskog": 1.1455717018005035e-07,
        "theta_12": 0.00962108878789002,
        "theta_13": 0.0005522156476756107,
        "theta_23": 0.027949438976154883
      },
      "diagnostic_compare_shell_loss": 0.04690664383866579,
      "exclusion_reason": "CKM on the current corpus is defined on ordered same-label left eigenframes only",
      "physical_admissible": false
    },
    {
      "basis_d": "Rbar",
      "basis_u": "Rbar",
      "ckm": {
        "delta_ckm": 5.159064001728614,
        "jarlskog": -1.0362265987047114e-07,
        "theta_12": 0.008459096829590056,
        "theta_13": 0.00049287338614167,
        "theta_23": 0.027572971184683753
      },
      "diagnostic_compare_shell_loss": 0.04742235157670939,
      "exclusion_reason": "CKM on the current corpus is defined on ordered same-label left eigenframes only",
      "physical_admissible": false
    }
  ],
  "generated_utc": "2026-07-11T06:46:52Z",
  "notes": [
    "This is not the true sigma_ud orbit. It is the smallest finite local basis orbit already extractable from the current forward Yukawa surface.",
    "Only the L/L element remains physically admissible on the current theorem surface because CKM is defined on ordered same-label left eigenframes.",
    "A better nonphysical shell point here does not promote anything; it only proves that the remaining orbit must be left-handed and sheet-level."
  ],
  "scope": "D12_current_reference_local_basis_only",
  "theorem_use": "diagnostic_exclusion_only"
}
