{
  "U_d_left": {
    "imag": [
      [
        0.0,
        0.0,
        -0.0
      ],
      [
        -0.4183995459580415,
        0.6830570611183308,
        -0.06644246513478692
      ],
      [
        -0.2046811959591964,
        0.3521702051506983,
        0.12195975552669729
      ]
    ],
    "real": [
      [
        0.853789341469402,
        0.5171121710419089,
        -0.060322159722349666
      ],
      [
        0.22485502420190018,
        -0.31885832121511265,
        0.4491434727437875
      ],
      [
        0.059425637962293214,
        -0.2008321971515212,
        -0.8805354023528889
      ]
    ]
  },
  "U_u_left": {
    "imag": [
      [
        -0.0,
        0.0,
        0.0
      ],
      [
        0.45923229994847736,
        -0.691270421434795,
        -0.03010102236253481
      ],
      [
        0.2296161499742423,
        -0.34563521071740305,
        -0.015050511181267332
      ]
    ],
    "real": [
      [
        -0.8320705189791014,
        -0.5494710361391084,
        -0.07576431805317821
      ],
      [
        -0.20299011530780853,
        0.24428356028797024,
        0.4576738826353094
      ],
      [
        -0.053252069332648415,
        0.20270330085853375,
        -0.8852467429080837
      ]
    ]
  },
  "V_CKM": {
    "imag": [
      [
        -0.021075106800808,
        0.035136732330326076,
        0.002916513311259807
      ],
      [
        0.0322775354867898,
        -0.05158633104777016,
        0.014626401431637612
      ],
      [
        -0.002634430293622458,
        -0.011760738521600898,
        -0.13810628753754062
      ]
    ],
    "real": [
      [
        -0.9983615199144433,
        0.03969185676376108,
        0.003402341157797594
      ],
      [
        -0.0421860965126713,
        -0.9966389212066333,
        -0.03184766129860623
      ],
      [
        0.0012919630054201992,
        -0.03318678595956761,
        0.9897870307385931
      ]
    ]
  },
  "Y_d": {
    "imag": [
      [
        -8.469032392492673e-05,
        -0.04469356247073978,
        0.03061658929677337
      ],
      [
        -0.001988344011406569,
        0.003194924642756838,
        0.04791198586575021
      ],
      [
        -0.0009676819844115424,
        0.004796317114471378,
        -0.059471442759862325
      ]
    ],
    "real": [
      [
        0.0040119161110299196,
        -0.018444696054507805,
        0.2504632492273224
      ],
      [
        0.001015080721988674,
        0.07040928504554975,
        -1.8986086663126518
      ],
      [
        0.000258935251149727,
        0.03760118401287332,
        3.71796617878044
      ]
    ]
  },
  "Y_u": {
    "imag": [
      [
        0.0,
        -0.6595080949875203,
        -0.22197603877932698
      ],
      [
        -0.0009919417678881874,
        6.814628833822519e-17,
        6.528135920646223
      ],
      [
        -0.0004959708839440939,
        0.09669476926225765,
        -2.6864877063647804e-16
      ]
    ],
    "real": [
      [
        0.0017972723209952284,
        -0.23305927823150263,
        13.056271841292437
      ],
      [
        0.0004384586490648617,
        0.9333176005235941,
        -78.78158312531318
      ],
      [
        0.00011502446975846438,
        0.5008291361595694,
        152.59641044700592
      ]
    ]
  },
  "artifact": "oph_quark_current_family_transport_frame_exact_forward_yukawas",
  "certification_status": "forward_matrix_certified",
  "commutator_invariant": {
    "det_abs": 28504.94625564517,
    "det_imag": -28504.94625564517,
    "fro_norm": 25940.14077557258
  },
  "constructive_edge_statistics_bridge_artifact": null,
  "constructive_edge_statistics_bridge_candidate_sigmas": null,
  "constructive_edge_statistics_bridge_status": null,
  "degenerate_placeholder_fallback_used": null,
  "delta_logg_q_status": null,
  "dense_entrywise_amplitude_used": false,
  "even_excitation_source_artifact": null,
  "even_excitation_source_status": null,
  "forward_certified": true,
  "generated_utc": "2026-06-29T07:35:28Z",
  "jarlskog": -3.735348679994253e-06,
  "metadata": {
    "note": "Exact forward Yukawas on the declared current-family/common-refinement transport-frame carrier, using the emitted left-handed physical datum and the exact running mass sextet. This is a local exact carrier theorem, not a target-free public physical-sheet promotion.",
    "right_basis_gauge": "identity"
  },
  "noncentrality_witness": null,
  "predictive_promotion_allowed": true,
  "promotion_blockers": [],
  "proof_status": "closed_current_family_transport_frame_exact_forward_yukawas",
  "public_promotion_allowed": false,
  "public_surface_candidate_allowed": false,
  "public_surface_candidate_scope": [
    "m_u",
    "m_d",
    "m_s",
    "m_c",
    "m_b"
  ],
  "public_surface_candidate_status": "not_allowed",
  "quark_descent_proof_status": null,
  "scope": "current_family_common_refinement_transport_frame_only",
  "sector_mean_split_artifact": null,
  "sector_mean_split_status": null,
  "shared_scalarization_law_status": null,
  "singular_values_d": [
    0.0046999999999367175,
    0.09350000000000759,
    4.182999999999995
  ],
  "singular_values_u": [
    0.002160000710515581,
    1.2730000000009922,
    172.35235532883115
  ],
  "source_mode": "explicit_matrices",
  "spread_sigma_d_total_log_per_side": null,
  "spread_sigma_source_kind": null,
  "spread_sigma_u_total_log_per_side": null,
  "supporting_artifacts": {
    "exact_pdg_completion": "oph_quark_current_family_transport_frame_exact_pdg_completion",
    "strengthened_physical_sigma_lift_theorem": "oph_quark_current_family_transport_frame_strengthened_physical_sigma_lift_theorem"
  },
  "template_amplitude_fallback_used": false,
  "up_down_sector_distinct": true,
  "uses_full_projector_algebra": null
}
