{
  "artifact": "oph_quark_exact_yukawa_end_to_end_theorem",
  "forward_yukawa_artifact": {
    "V_CKM": {
      "imag": [
        [
          -0.021075106800842403,
          0.035136732330377674,
          0.002916513311339238
        ],
        [
          0.032277535487174464,
          -0.05158633104838717,
          0.014626401431609003
        ],
        [
          -0.002634430293620151,
          -0.011760738521601786,
          -0.13810628753754062
        ]
      ],
      "real": [
        [
          -0.998361519914638,
          0.039691856758815036,
          0.003402341157649799
        ],
        [
          -0.04218609650775973,
          -0.9966389212067968,
          -0.031847661298627934
        ],
        [
          0.0012919630054263123,
          -0.03318678595956735,
          0.9897870307385931
        ]
      ]
    },
    "Y_d": {
      "imag": [
        [
          -8.469032392492673e-05,
          -0.04440675886130187,
          0.030638547166218867
        ],
        [
          -0.001988344011406569,
          0.003174422452535938,
          0.047946347796803894
        ],
        [
          -0.0009676819844115424,
          0.004765538608923967,
          -0.05951409500186088
        ]
      ],
      "real": [
        [
          0.0040119161110299196,
          -0.01832633436859652,
          0.25064287861954887
        ],
        [
          0.001015080721988674,
          0.06995746075648739,
          -1.8999703268431203
        ],
        [
          0.000258935251149727,
          0.037359892992469855,
          3.720632661815669
        ]
      ]
    },
    "Y_u": {
      "imag": [
        [
          0.0,
          -0.6594562875959272,
          -0.22165102531402214
        ],
        [
          -0.0009919417678881874,
          6.814093513411386e-17,
          6.518577537276479
        ],
        [
          -0.0004959708839440939,
          0.09668717344377681,
          -2.6825541976683198e-16
        ]
      ],
      "real": [
        [
          0.0017972723209952284,
          -0.23304097035418697,
          13.037155074552947
        ],
        [
          0.0004384586490648617,
          0.9332442841370654,
          -78.66623249794564
        ],
        [
          0.00011502446975846438,
          0.5007897937293924,
          152.37298142995888
        ]
      ]
    },
    "artifact": "oph_quark_current_family_transport_frame_exact_forward_yukawas",
    "certification_status": "forward_matrix_certified",
    "forward_certified": true,
    "jarlskog": -3.735348679490123e-06,
    "scope": "current_family_common_refinement_transport_frame_only",
    "singular_values_d": [
      0.0046999999996463915,
      0.092899999999985,
      4.186000000000001
    ],
    "singular_values_u": [
      0.0021600002720956663,
      1.2729000000026323,
      172.09999999999968
    ]
  },
  "generated_utc": "2026-07-11T06:46:51Z",
  "minimal_exact_blocker_set": [],
  "notes": [
    "This is the single theorem wrapper above the exact forward Yukawa package on the declared carrier.",
    "It does not claim target-free public physical-sheet promotion."
  ],
  "proof_status": "closed_current_family_exact_yukawa_end_to_end_theorem",
  "public_promotion_allowed": false,
  "strengthening_above_target": {
    "name": "target_free_public_physical_sheet_yukawa_promotion",
    "note": "This theorem closes the exact forward Yukawa package only on the declared current-family/common-refinement transport-frame carrier. Promoting it to a target-free public physical-sheet theorem remains a separate strengthening question.",
    "status": "separate_question"
  },
  "supporting_theorem_artifact": "oph_quark_current_family_transport_frame_exact_yukawa_theorem",
  "target_name": "exact_forward_quark_yukawas_on_declared_current_family_transport_frame",
  "theorem_scope": "current_family_common_refinement_transport_frame_only",
  "theorem_statement": "On the explicit current-family/common-refinement transport-frame chain internalized on the code surface, the OPH bridge theorem, strengthened transport-frame physical sigma lift, algebraic absolute readout, exact running-value completion, and exact forward-Yukawa emission jointly derive explicit quark Yukawa matrices Y_u and Y_d."
}
