{
  "algebraic_consequence_after_closure": {
    "forced_exact_yukawas": {
      "V_CKM": {
        "imag": [
          [
            -0.021075106800842403,
            0.035136732330377674,
            0.002916513311339238
          ],
          [
            0.032277535487174464,
            -0.05158633104838717,
            0.014626401431609003
          ],
          [
            -0.002634430293620151,
            -0.011760738521601786,
            -0.13810628753754062
          ]
        ],
        "real": [
          [
            -0.998361519914638,
            0.039691856758815036,
            0.003402341157649799
          ],
          [
            -0.04218609650775973,
            -0.9966389212067968,
            -0.031847661298627934
          ],
          [
            0.0012919630054263123,
            -0.03318678595956735,
            0.9897870307385931
          ]
        ]
      },
      "artifact": "oph_quark_current_family_transport_frame_exact_forward_yukawas",
      "certification_status": "forward_matrix_certified",
      "forward_certified": true,
      "jarlskog": -3.735348679490123e-06,
      "singular_values_d": [
        0.0046999999996463915,
        0.092899999999985,
        4.186000000000001
      ],
      "singular_values_u": [
        0.0021600002720956663,
        1.2729000000026323,
        172.09999999999968
      ]
    },
    "forced_running_values_gev": {
      "b": 4.182999999999994,
      "c": 1.2729999999999992,
      "d": 0.004699999999999999,
      "s": 0.09349999999999999,
      "t": 172.35235532883115,
      "u": 0.0021600000000000005
    },
    "statement": "Once a no-target source theorem emits the physical sigma datum and the selected bridge-fiber descent makes it representative-independent, the affine mean law algebraically emits (g_u, g_d), the ordered three-point readout yields the running quark sextet, and the already-closed exact forward construction emits explicit quark Yukawa matrices Y_u and Y_d.",
    "supporting_algebraic_collapse_artifact": "oph_quark_absolute_readout_algebraic_collapse"
  },
  "algebraic_consequence_if_closed": {
    "forced_exact_yukawas": {
      "V_CKM": {
        "imag": [
          [
            -0.021075106800842403,
            0.035136732330377674,
            0.002916513311339238
          ],
          [
            0.032277535487174464,
            -0.05158633104838717,
            0.014626401431609003
          ],
          [
            -0.002634430293620151,
            -0.011760738521601786,
            -0.13810628753754062
          ]
        ],
        "real": [
          [
            -0.998361519914638,
            0.039691856758815036,
            0.003402341157649799
          ],
          [
            -0.04218609650775973,
            -0.9966389212067968,
            -0.031847661298627934
          ],
          [
            0.0012919630054263123,
            -0.03318678595956735,
            0.9897870307385931
          ]
        ]
      },
      "artifact": "oph_quark_current_family_transport_frame_exact_forward_yukawas",
      "certification_status": "forward_matrix_certified",
      "forward_certified": true,
      "jarlskog": -3.735348679490123e-06,
      "singular_values_d": [
        0.0046999999996463915,
        0.092899999999985,
        4.186000000000001
      ],
      "singular_values_u": [
        0.0021600002720956663,
        1.2729000000026323,
        172.09999999999968
      ]
    },
    "forced_running_values_gev": {
      "b": 4.182999999999994,
      "c": 1.2729999999999992,
      "d": 0.004699999999999999,
      "s": 0.09349999999999999,
      "t": 172.35235532883115,
      "u": 0.0021600000000000005
    },
    "statement": "This consequence is realized only after a source-only sigma selector supplies the physical sigma datum. The current selected-class descent is representative independence, not source selection.",
    "supporting_algebraic_collapse_artifact": "oph_quark_absolute_readout_algebraic_collapse"
  },
  "alternate_upstream_route": {
    "current_attached_data_obstruction": {
      "commutator_operator_norm": 0.04861550547372144,
      "commutator_over_defect": 0.7639462085733872,
      "commutator_over_defect_squared": 12.004684594077071,
      "projector_defect_operator_norm": 0.06363734112184061,
      "reason": "On the displayed level-0/level-1 projector systems, the natural centered operators built from the proxy ordered spectrum have a commutator that is linear in the projector defect rather than quadratic-small, so the displayed current artifacts do not themselves force the transfer lemma."
    },
    "id": "oph_generation_bundle_branch_generator_splitting",
    "smaller_exact_missing_clause": "compression_descendant_commutator_vanishes_or_is_uniformly_quadratic_small_after_central_split",
    "statement": "On the realized generation bundle, the centered compressed generation-bundle branch generator has a persistent simple spectrum with label-stable one-dimensional Riesz projectors functorial under every refinement intertwiner, and the same-label transport classes are presentation-independent modulo objectwise U(1).",
    "status": "upstream_alternative_route_currently_deprioritized",
    "upstream_object": "oph_generation_bundle_branch_generator_splitting",
    "why_relevant": "If the persistent simple-spectrum splitting theorem closes, the overlap-edge line lift upgrades from candidate readout to public same-label transport class, providing an upstream route into the public same-label physical sigma carrier."
  },
  "artifact": "oph_quark_public_strengthened_physical_sigma_lift_frontier",
  "final_public_theorem_candidate": {
    "id": "selected_bridge_fiber_sigma_descent_not_source_selection",
    "induces_global_contract": {
      "id": "strengthened_quark_physical_sigma_ud_lift",
      "role": "public_same_label_left_handed_sigma_datum_on_selected_physical_frame_class"
    },
    "kind": "public_bridge_descent_of_exact_sigma_readout",
    "must_emit": {
      "physical_sigma_datum": {
        "eta_ud": 1.139688878603012,
        "sigma_d": 3.300314452061615,
        "sigma_seed_ud": 4.440003330664627,
        "sigma_u": 5.579692209267639
      },
      "sigma_ud_phys_element": "{sigma_id, canonical_token, U_u_left, U_d_left, V_CKM, ckm_invariants}"
    },
    "selected_public_exact_sigma_datum": {
      "eta_ud": 1.139688878603012,
      "sigma_d": 3.300314452061615,
      "sigma_seed_ud": 4.440003330664627,
      "sigma_u": 5.579692209267639
    },
    "selected_public_frame_class": {
      "representative": {
        "imag": [
          [
            -1.3877787807814457e-17,
            0.05009425914198984,
            0.00330779312957997
          ],
          [
            0.05017324446641114,
            2.7755575615628914e-17,
            -0.03502914355626323
          ],
          [
            0.002639713781749561,
            -0.03518891333641638,
            0.0
          ]
        ],
        "real": [
          [
            0.9985839396728717,
            -0.017337781091391193,
            0.003023322652421325
          ],
          [
            0.017439941964954978,
            0.9979730902258549,
            0.0010790045157064929
          ],
          [
            -0.001281133298986152,
            -0.0011908447009604676,
            0.9993756615386034
          ]
        ]
      },
      "representative_abs_matrix": [
        [
          0.9985839396728717,
          0.053009748652090724,
          0.004481291694226159
        ],
        [
          0.053117850446222435,
          0.9979730902258549,
          0.0350457579320267
        ],
        [
          0.0029341764397066705,
          0.035209057540633325,
          0.9993756615386034
        ]
      ],
      "selected_by": "P",
      "symbol": "[F0^dagger F1]"
    },