{
  "U_d_left": {
    "imag": [
      [
        0.0,
        0.0,
        -0.0
      ],
      [
        -0.4183995459581589,
        0.6830570611182435,
        -0.0664424651347869
      ],
      [
        -0.20468119595925677,
        0.35217020515065517,
        0.12195975552669726
      ]
    ],
    "real": [
      [
        0.853789341469308,
        0.517112171042064,
        -0.06032215972234967
      ],
      [
        0.22485502420197234,
        -0.31885832121509516,
        0.4491434727437872
      ],
      [
        0.05942563796233688,
        -0.20083219715152223,
        -0.8805354023528887
      ]
    ]
  },
  "U_u_left": {
    "imag": [
      [
        -0.0,
        0.0,
        0.0
      ],
      [
        0.4592322999452932,
        -0.69127042143714,
        -0.030101022362534837
      ],
      [
        0.229616149972664,
        -0.34563521071859626,
        -0.015050511181267335
      ]
    ],
    "real": [
      [
        -0.8320705189817162,
        -0.5494710361351489,
        -0.07576431805317817
      ],
      [
        -0.202990115306369,
        0.2442835602885167,
        0.45767388263530995
      ],
      [
        -0.05325206933154543,
        0.2027033008585775,
        -0.8852467429080837
      ]
    ]
  },
  "V_CKM": {
    "imag": [
      [
        -0.021075106800842403,
        0.035136732330377674,
        0.002916513311339238
      ],
      [
        0.032277535487174464,
        -0.05158633104838717,
        0.014626401431609003
      ],
      [
        -0.002634430293620151,
        -0.011760738521601786,
        -0.13810628753754062
      ]
    ],
    "real": [
      [
        -0.998361519914638,
        0.039691856758815036,
        0.003402341157649799
      ],
      [
        -0.04218609650775973,
        -0.9966389212067968,
        -0.031847661298627934
      ],
      [
        0.0012919630054263123,
        -0.03318678595956735,
        0.9897870307385931
      ]
    ]
  },
  "Y_d": {
    "imag": [
      [
        -8.469032392492673e-05,
        -0.04440675886130187,
        0.030638547166218867
      ],
      [
        -0.001988344011406569,
        0.003174422452535938,
        0.047946347796803894
      ],
      [
        -0.0009676819844115424,
        0.004765538608923967,
        -0.05951409500186088
      ]
    ],
    "real": [
      [
        0.0040119161110299196,
        -0.01832633436859652,
        0.25064287861954887
      ],
      [
        0.001015080721988674,
        0.06995746075648739,
        -1.8999703268431203
      ],
      [
        0.000258935251149727,
        0.037359892992469855,
        3.720632661815669
      ]
    ]
  },
  "Y_u": {
    "imag": [
      [
        0.0,
        -0.6594562875959272,
        -0.22165102531402214
      ],
      [
        -0.0009919417678881874,
        6.814093513411386e-17,
        6.518577537276479
      ],
      [
        -0.0004959708839440939,
        0.09668717344377681,
        -2.6825541976683198e-16
      ]
    ],
    "real": [
      [
        0.0017972723209952284,
        -0.23304097035418697,
        13.037155074552947
      ],
      [
        0.0004384586490648617,
        0.9332442841370654,
        -78.66623249794564
      ],
      [
        0.00011502446975846438,
        0.5007897937293924,
        152.37298142995888
      ]
    ]
  },
  "artifact": "oph_quark_current_family_transport_frame_exact_forward_yukawas",
  "certification_status": "forward_matrix_certified",
  "commutator_invariant": {
    "det_abs": 28051.040513388893,
    "det_imag": -28051.040513388893,
    "fro_norm": 25901.525372451975
  },
  "constructive_edge_statistics_bridge_artifact": null,
  "constructive_edge_statistics_bridge_candidate_sigmas": null,
  "constructive_edge_statistics_bridge_status": null,
  "degenerate_placeholder_fallback_used": null,
  "delta_logg_q_status": null,
  "dense_entrywise_amplitude_used": false,
  "even_excitation_source_artifact": null,
  "even_excitation_source_status": null,
  "forward_certified": true,
  "generated_utc": "2026-07-11T06:46:51Z",
  "jarlskog": -3.735348679490123e-06,
  "metadata": {
    "note": "Exact forward Yukawas on the declared current-family/common-refinement transport-frame carrier, using the emitted left-handed physical datum and the exact running mass sextet. This is a local exact carrier theorem, not a target-free public physical-sheet promotion.",
    "right_basis_gauge": "identity"
  },
  "noncentrality_witness": null,
  "predictive_promotion_allowed": true,
  "promotion_blockers": [],
  "proof_status": "closed_current_family_transport_frame_exact_forward_yukawas",
  "public_promotion_allowed": false,
  "public_surface_candidate_allowed": false,
  "public_surface_candidate_scope": [
    "m_u",
    "m_d",
    "m_s",
    "m_c",
    "m_b"
  ],
  "public_surface_candidate_status": "not_allowed",
  "quark_descent_proof_status": null,
  "scope": "current_family_common_refinement_transport_frame_only",
  "sector_mean_split_artifact": null,
  "sector_mean_split_status": null,
  "shared_scalarization_law_status": null,
  "singular_values_d": [
    0.0046999999996463915,
    0.092899999999985,
    4.186000000000001
  ],
  "singular_values_u": [
    0.0021600002720956663,
    1.2729000000026323,
    172.09999999999968
  ],
  "source_mode": "explicit_matrices",
  "spread_sigma_d_total_log_per_side": null,
  "spread_sigma_source_kind": null,
  "spread_sigma_u_total_log_per_side": null,
  "supporting_artifacts": {
    "exact_pdg_completion": "oph_quark_current_family_transport_frame_exact_pdg_completion",
    "strengthened_physical_sigma_lift_theorem": "oph_quark_current_family_transport_frame_strengthened_physical_sigma_lift_theorem"
  },
  "template_amplitude_fallback_used": false,
  "up_down_sector_distinct": true,
  "uses_full_projector_algebra": null
}
