{
  "E_d_log_exact": [
    -3.2586331771312373,
    -0.2746720400274574,
    3.533305217158695
  ],
  "E_u_log_exact": [
    -5.88822252656129,
    0.49072229261902467,
    5.397500233942265
  ],
  "artifact": "oph_quark_current_family_exact_readout",
  "candidate_scale_residuals_d": [
    -2.076132040086144e-05,
    -0.0004103673755829901,
    -0.018490827063405213
  ],
  "candidate_scale_residuals_u": [
    1.3587839318633492e-06,
    0.0008007389198467774,
    0.10826236790416033
  ],
  "exact_fit_residuals_d": [
    -8.673617379884035e-19,
    -1.3877787807814457e-17,
    0.0
  ],
  "exact_fit_residuals_u": [
    8.673617379884035e-19,
    4.440892098500626e-16,
    -2.8421709430404007e-13
  ],
  "g_d": 0.12226559489803175,
  "g_d_candidate_from_mean_split": 0.12172551081512113,
  "g_u": 0.7792490879740623,
  "g_u_candidate_from_mean_split": 0.7797392875757557,
  "generated_utc": "2026-07-18T05:33:34Z",
  "notes": [
    "This current-family target audit uses the fixed ordered three-point quark carrier and its quadratic coordinate identity.",
    "It does not reopen a richer ray family or add a third scalar beyond the compact sector-mean split.",
    "The exact witness uses the geometric means implied by the current-family reference targets; the mean-split candidate scales are retained separately for audit and residual reporting only."
  ],
  "ordered_coordinate_x": [
    -1.0,
    -0.5175863354681689,
    1.0
  ],
  "predicted_singular_values_d": [
    0.004699999999999999,
    0.0929,
    4.186
  ],
  "predicted_singular_values_u": [
    0.002160000000000001,
    1.2729000000000004,
    172.0999999999997
  ],
  "proof_status": "current_family_exact_witness",
  "quadratic_basis": {
    "linear": [
      -0.8274712215106104,
      -0.34505755697877927,
      1.1725287784893896
    ],
    "quadratic_centered": [
      0.2440347951122107,
      -0.4880695902244214,
      0.2440347951122107
    ]
  },
  "quadratic_coefficients_d": {
    "linear": 3.395969197144966,
    "quadratic": -1.8381247524601083
  },
  "quadratic_coefficients_u": {
    "linear": 5.6428613802517775,
    "quadratic": -4.994849717511911
  },
  "readout_chain_status": "closed_within_current_family_scope",
  "reference_targets_d": [
    0.0047,
    0.09290000000000001,
    4.186
  ],
  "reference_targets_u": [
    0.00216,
    1.2729,
    172.1
  ],
  "sector_mean_split_artifact": "oph_quark_sector_mean_split",
  "single_running_quark_sextet_claim_allowed": false,
  "smallest_constructive_missing_object": null,
  "source_only_prediction": false,
  "supporting_readout_theorem": "oph_quark_current_family_quadratic_readout_theorem",
  "target_anchored": true,
  "target_centered_log_d": [
    -3.2586331771312373,
    -0.27467204002745715,
    3.533305217158695
  ],
  "target_centered_log_u": [
    -5.88822252656129,
    0.49072229261902434,
    5.397500233942266
  ],
  "theorem_scope": "current_family_only"
}
