{
  "artifact": "oph_quark_d12_mass_side_underdetermination_theorem",
  "diagnostic_mass_points": {
    "comparison_only_best_same_family_point": {
      "Delta_ud_overlap": 0.14039999999999997,
      "Lambda_ud_B_transport": 0.14580774897025428,
      "abs_V_CKM": [
        [
          0.9999712911878589,
          0.007577330096328723,
          2.9473680306303022e-05
        ],
        [
          0.007577318932071505,
          0.9999704710842362,
          0.001281092258113659
        ],
        [
          3.221627276221438e-05,
          0.0012810262227594864,
          0.9999991789666279
        ]
      ],
      "jarlskog": 2.83631216685383e-10,
      "m_d": [
        0.004689079672221174,
        0.09160813868480612,
        4.172490842613352
      ],
      "m_u": [
        0.0021713923963664877,
        1.2566921764926138,
        173.2690628822735
      ],
      "rms_log_error_vs_reference_targets": 0.008657179320594023,
      "status": "comparison_only_not_promotable",
      "tau_d_log_per_side": 0.04411865683386919,
      "tau_u_log_per_side": 0.026081343166130807
    },
    "sample_same_family_point": {
      "Delta_ud_overlap": 0.13391235422942327,
      "Lambda_ud_B_transport": 0.13907022029558064,
      "abs_V_CKM": [
        [
          0.9999711211934649,
          0.007599730282401467,
          2.9643208226183302e-05
        ],
        [
          0.00759971902545621,
          0.9999702929711931,
          0.0012874182854748012
        ],
        [
          3.240091299227056e-05,
          0.0012873518331854138,
          0.9999991708373758
        ]
      ],
      "jarlskog": 2.8755912280868794e-10,
      "m_d": [
        0.004708229528844486,
        0.09160827127333702,
        4.155513989984608
      ],
      "m_u": [
        0.002176632492997213,
        1.2566921714397312,
        172.85192993931355
      ],
      "rms_log_error_vs_reference_targets": 0.00907939029103761,
      "tau_d_log_per_side": 0.04208000856170554,
      "tau_u_log_per_side": 0.024876168553006103
    }
  },
  "emitted_same_family_ray": {
    "artifact": "oph_quark_d12_mass_ray",
    "emitted_object": {
      "carrier": [
        "Delta_ud_overlap",
        "eta_Q_centered"
      ],
      "id": "D12_ud_mass_ray",
      "ray_modulus_equals_t1": true,
      "ray_parameter": "ray_modulus",
      "unresolved_coordinate": "ray_modulus"
    },
    "proof_status": "same_family_mass_ray_emitted_modulus_open"
  },
  "generated_utc": "2026-07-11T06:46:50Z",
  "minimal_new_theorem": {
    "derived_wrapper": {
      "derived_from": "quark_d12_t1_value_law",
      "id": "intrinsic_scale_law_D12",
      "meaning": "the induced mass-side wrapper on D12_ud_mass_ray after t1 is fixed intrinsically"
    },
    "id": "quark_d12_t1_value_law",
    "identifies": "ray_modulus = t1",
    "must_emit": "quark_d12_t1_value_law",
    "must_not_use_ckm_cp": true,
    "must_not_use_target_masses": true,
    "scalar_name": "t1",
    "then_emits": [
      "t1",
      "ray_modulus",
      "Delta_ud_overlap",
      "eta_Q_centered"
    ],
    "unique_intersection_with": "D12_ud_mass_ray"
  },
  "next_exact_missing_object": "quark_d12_t1_value_law",
  "no_go_theorem": {
    "conclusion": "The present D12 mass-side branch already emits the one-parameter ray D12_ud_mass_ray, but it does not yet emit the one-scalar target-free theorem quark_d12_t1_value_law that selects a unique t1 = ray_modulus on that emitted ray.",
    "forbidden_promotions": [
      "target_mass_backsolve_as_quark_d12_t1_value_law",
      "compare_derived_exact_mean_specialization_as_OPH_emitted"
    ],
    "id": "quark_d12_same_family_mass_side_scale_underdetermination"
  },
  "notes": [
    "This artifact sharpens the current D12 mass-side status after the ray itself is emitted: the remaining exact frontier is the one-scalar value law on that ray, not the larger wrapper.",
    "The retained numerical same-family point uses t1_sample = ray_modulus = 0.6695617711471163 and is sample-only, not theorem-grade emission.",
    "It does not by itself prove that the present D12 continuation branch is the physically correct quark branch.",
    "The physical-branch question remains separate from the mass-side no-go recorded here."
  ],
  "proof_status": "same_family_mass_ray_emitted_intrinsic_scale_open",
  "public_promotion_allowed": false,
  "remaining_object": {
    "id": "quark_d12_t1_value_law",
    "identifies": "ray_modulus = t1",
    "must_intersect": "D12_ud_mass_ray",
    "unresolved_coordinate": "t1"
  },
  "same_family_ray": {
    "ordered_family_coordinate_x2": -0.5175863354681689,
    "ray_direction_values": {
      "delta_ud_overlap_per_ray_modulus": 0.2,
      "eta_q_centered_per_delta_ud_overlap": -0.13557488617345037,
      "eta_q_centered_per_ray_modulus": -0.027114977234690075
    },
    "ray_formulas": {
      "Delta_ud_overlap": "ray_modulus / 5",
      "Lambda_ud_B_transport": "sigma_u_total_log_per_side * sigma_d_total_log_per_side * (ray_modulus / 5) / (2 * (sigma_u_total_log_per_side + sigma_d_total_log_per_side))",
      "eta_Q_centered": "-((1 - x2^2) / 27) * ray_modulus",
      "eta_Q_centered_from_Delta_ud_overlap": "-(5 * (1 - x2^2) / 27) * Delta_ud_overlap",
      "kappa_Q": "-ray_modulus / 54",
      "quadratic_even_log_formula_direct": "((-((1 - x2^2) / 27) * ray_modulus) / 6) * (1, -2, 1)",
      "tau_d_log_per_side": "sigma_u_total_log_per_side * (ray_modulus / 5) / (2 * (sigma_u_total_log_per_side + sigma_d_total_log_per_side))",
      "tau_u_log_per_side": "sigma_d_total_log_per_side * (ray_modulus / 5) / (2 * (sigma_u_total_log_per_side + sigma_d_total_log_per_side))"
    },
    "ray_name": "D12_ud_mass_ray",
    "ray_parameter": "ray_modulus"
  },
  "same_family_specialization_sample": {
    "formulas": {
      "Delta_ud_overlap": "ray_modulus / 5",
      "Lambda_ud_B_transport": "sigma_u_total_log_per_side * sigma_d_total_log_per_side * (ray_modulus / 5) / (2 * (sigma_u_total_log_per_side + sigma_d_total_log_per_side))",
      "eta_Q_centered": "-((1 - x2^2) / 27) * ray_modulus",
      "kappa_Q": "-ray_modulus / 54",
      "quadratic_even_log_formula_direct": "((-((1 - x2^2) / 27) * ray_modulus) / 6) * (1, -2, 1)",
      "tau_d_log_per_side": "sigma_u_total_log_per_side * (ray_modulus / 5) / (2 * (sigma_u_total_log_per_side + sigma_d_total_log_per_side))",
      "tau_u_log_per_side": "sigma_d_total_log_per_side * (ray_modulus / 5) / (2 * (sigma_u_total_log_per_side + sigma_d_total_log_per_side))"
    },
    "sample_same_family_point": {
      "Delta_ud_overlap": 0.13391235422942327,
      "Lambda_ud_B_transport": 0.13907022029558064,
      "eta_Q_centered": -0.018155152181872827,
      "kappa_Q": -0.012399292058279932,
      "ray_modulus": 0.6695617711471163,
      "t1_sample": 0.6695617711471163,
      "tau_d_log_per_side": 0.04208000856170554,
      "tau_u_log_per_side": 0.024876168553006103,
      "x2": -0.5175863354681689
    }
  },
  "scope": "D12_continuation_only",
  "supported_remaining_value_laws": [
    "quark_d12_t1_value_law",
    "quark_exact_mean_split_value_law_or_carrier_repair"
  ],
  "theorem_statement": "On the present same-family D12 continuation branch, the mass-side deformation already emits the one-parameter ray D12_ud_mass_ray. Equivalently eta_Q_centered = -(5 * (1 - x2^2) / 27) * Delta_ud_overlap along that ray. The current OPH chain still does not emit the target-free one-scalar law that would fix t1 = ray_modulus and therefore select one unique point on it."
}
