{
  "artifact": "oph_charged_current_oph_moduli_independence",
  "claim_boundary": "This certificate proves non-identifiability only for the explicitly scoped charged signature and makes no claim outside that scope. A closing extension must add a source object that is nonconstant along the displayed spectral family, bind its receipt scope, and freeze it before charged-mass comparison.",
  "distinct_failed_selector_audits": {
    "balanced_phase": {
      "conclusion": "Both determinant-normalized spectra are positive, simple, and exactly Koide-balanced, but their ratios and loop phases differ.",
      "countermodel_A": {
        "Q": 0.666666666666667,
        "delta_radians": 0.1,
        "determinant_normalized_masses": [
          0.09674928493304029,
          0.5592066792057735,
          18.483315899155407
        ],
        "loop_phase_3delta_mod_2pi": 0.30000000000000004,
        "mass_ratios_to_lightest": [
          1.0,
          5.77995671588475,
          191.0434367752446
        ],
        "positive_simple_spectrum": true,
        "roots": [
          0.17415534239134522,
          0.41869627245474905,
          2.4071483851539046
        ]
      },
      "countermodel_B": {
        "Q": 0.6666666666666669,
        "delta_radians": 0.2222222222222222,
        "determinant_normalized_masses": [
          0.011162188544790511,
          2.3080092523535107,
          38.81620746714913
        ],
        "loop_phase_3delta_mod_2pi": 0.6666666666666666,
        "mass_ratios_to_lightest": [
          1.0,
          206.77031597272907,
          3477.4728371046
        ],
        "positive_simple_spectrum": true,
        "roots": [
          0.040349908219207364,
          0.5802119201475366,
          2.3794381716332555
        ]
      }
    },
    "common_affine_scale": {
      "Y0_singular_values": [
        0.011162188544790511,
        2.3080092523535107,
        38.81620746714913
      ],
      "Y1_equals_2Y0_singular_values": [
        0.022324377089581023,
        4.6160185047070215,
        77.63241493429825
      ],
      "centered_logs_Y0": [
        -4.495223235091248,
        0.8363853574564969,
        3.6588378776347508
      ],
      "centered_logs_Y1": [
        -4.495223235091248,
        0.8363853574564969,
        3.658837877634751
      ],
      "conclusion": "Y_e -> exp(kappa)Y_e preserves centered log operators, their projectors, centered log gaps, ratios, and the scoped centered refinement data while multiplying |det(Y_e)| by exp(3*kappa). It does not preserve absolute spectral gaps or the excluded electromagnetic endpoint transport.",
      "determinant_Y0": 0.9999999999999994,
      "determinant_Y1": 7.999999999999996
    },
    "family_attachment": {
      "boundary": "Attachment is unnecessary for an unordered mass triple, but necessary to identify its lines consistently with neutrino/mixing or other family data.",
      "changed": "attachment relative to a separately fixed physical family observable; without such an observable these unitary changes may be basis redundancy",
      "finite_subfamily": "the six permutation attachments",
      "freedom": "Y_e -> U_L Y_e U_R^dagger for U_L,U_R in U(3)",
      "preserved": [
        "singular values",
        "Koide invariant",
        "determinant magnitude",
        "D9 gauge representations and anomaly data"
      ]
    },
    "maxent_balance": {
      "conclusion": "This is an algebraic selector audit, not a construction of two full OPH models. The current relative-MaxEnt receipt leaves the charged-block action gap and the ensemble-to-deterministic-Yukawa bridge unspecified.",
      "equal_action": {
        "Q": 1.0,
        "S_c_minus_S_0": 0.0
      },
      "law": "E_c/E_0=2*exp(-(S_c-S_0)); Q=(1+E_c/E_0)/3",
      "one_bit_compensated": {
        "Q": 0.6666666666666666,
        "S_c_minus_S_0": "ln(2)"
      }
    },
    "z6_defect_lengths": {
      "conclusion": "Conditional audit: even granting the proposed identification of suppression exponents with Z6 residue lifts, quotient data would not choose the integer lifts. Current OPH does not first derive that identification.",
      "determinant_power_change": 18,
      "exponents_A": [
        7,
        4,
        3
      ],
      "exponents_B": [
        13,
        10,
        9
      ],
      "residues_mod_6_A": [
        1,
        4,
        3
      ],
      "residues_mod_6_B": [
        1,
        4,
        3
      ],
      "sum_A": 14,
      "sum_B": 32
    }
  },
  "extended_centered_candidate_scope": {
    "remaining_spectral_modulus": "mu=(1/3)log|det Y_e|",
    "statement": "If one additionally grants a fixed theorem-grade centered charged readout, the two shape coordinates cease to be free, but the exact common-shift family Y_e -> exp(kappa)Y_e is free. The on-disk centered operator is a template-dependent candidate and does not satisfy its promotion gate."
  },
  "historical_target_informed_examples_present": true,
  "independent_inputs_not_supplied": [
    "charged-block action gap ln(2) plus ensemble-to-Yukawa isometry",
    "physical C3 family connection and loop law fixing delta=2/9",
    "physical root-to-family attachment",
    "absolute excitation/determinant law det(Y_e)=sqrt(2)/6^14",
    "renormalization coordinate and QED/electroweak pole-mass conversion"
  ],
  "independent_spectral_coordinate_family": {
    "base": {
      "centered_log_singular_values": [
        -2.0,
        0.25,
        1.75
      ],
      "log_abs_determinant": 0.0,
      "log_singular_values": [
        -2.0,
        0.25,
        1.75
      ],
      "mu": 0.0,
      "positive_simple_spectrum": true,
      "product_singular_values": 1.0000000000000002,
      "singular_values": [
        0.1353352832366127,
        1.2840254166877414,
        5.754602676005731
      ],
      "x": -2.0,
      "y": 0.25
    },
    "formula": "Y(mu,x,y)=diag(exp(mu+x),exp(mu+y),exp(mu-x-y))",
    "full_log_jacobian_rank": 3,
    "full_log_jacobian_rows": [
      [
        1.0,
        1.0,
        0.0
      ],
      [
        1.0,
        0.0,
        1.0
      ],
      [
        1.0,
        -1.0,
        -1.0
      ]
    ],
    "mu_direction": {
      "centered_log_singular_values": [
        -2.0,
        0.25,
        1.7500000000000002
      ],
      "log_abs_determinant": 2.1,
      "log_singular_values": [
        -1.3,
        0.95,
        2.45
      ],
      "mu": 0.7,
      "positive_simple_spectrum": true,
      "product_singular_values": 8.16616991256765,
      "singular_values": [
        0.2725317930340126,
        2.585709659315846,
        11.588346719223392
      ],
      "x": -2.0,
      "y": 0.25
    },
    "preservation_statement": "All four matrices are positive diagonal elements of the D9-allowed Mat_3(C) generation factor. Varying x or y preserves the product of singular values; varying mu preserves centered log gaps and multiplies that product by exp(3 mu).",
    "shape_jacobian_rank": 2,
    "shape_jacobian_rows": [
      [
        1.0,
        0.0
      ],
      [
        0.0,
        1.0
      ],
      [
        -1.0,
        -1.0
      ]
    ],
    "x_direction": {
      "centered_log_singular_values": [
        -1.5,
        0.25,
        1.25
      ],
      "log_abs_determinant": 0.0,
      "log_singular_values": [
        -1.5,
        0.25,
        1.25
      ],
      "mu": 0.0,
      "positive_simple_spectrum": true,
      "product_singular_values": 1.0,
      "singular_values": [
        0.22313016014842982,
        1.2840254166877414,
        3.4903429574618414
      ],
      "x": -1.5,
      "y": 0.25
    },
    "y_direction": {
      "centered_log_singular_values": [
        -2.0,
        0.75,
        1.25
      ],
      "log_abs_determinant": 0.0,
      "log_singular_values": [
        -2.0,
        0.75,
        1.25
      ],
      "mu": 0.0,
      "positive_simple_spectrum": true,
      "product_singular_values": 1.0000000000000002,