{
  "section": "PAPER.tex 5.14 (state--observable vs dynamical-parameter ledgers)",
  "issue": 537,
  "counterexample": {
    "gamma": 0.05,
    "max_trace_distance": 1.8790067622388933e-15,
    "max_bounded_observable_gap": 4.680464574301885e-16,
    "fractional_speed_error": 0.05000000003088556
  },
  "counterexample_separates_ledgers": true,
  "bridge_lemma_cases": [
    {
      "seed": 1,
      "strength": 0.002,
      "gap_B": 1.0423360024179562,
      "M_B": 2.6681495702562197,
      "L_B": 11.672598281024879,
      "eta_dyn": 0.003288914902573545,
      "eta_below_quarter": true,
      "projector_gap": 0.0010385799755709972,
      "projector_bound": 0.00657782980514709,
      "projector_ok": true,
      "speed_error": 0.0008554597003080922,
      "speed_bound": 0.03839018243821707,
      "speed_ok": true,
      "group_delay": 854.7285145092756,
      "group_delay_bound": 39922.82705220043,
      "group_delay_ok": true
    },
    {
      "seed": 1,
      "strength": 0.01,
      "gap_B": 1.0423360024179562,
      "M_B": 2.6681495702562197,
      "L_B": 11.672598281024879,
      "eta_dyn": 0.016444574512867717,
      "eta_below_quarter": true,
      "projector_gap": 0.005217132602949893,
      "projector_bound": 0.032889149025735434,
      "projector_ok": true,
      "speed_error": 0.004254072429469957,
      "speed_bound": 0.19195091219108526,
      "speed_ok": true,
      "group_delay": 4236.051957627176,
      "group_delay_bound": 237548.5785295228,
      "group_delay_ok": true
    },
    {
      "seed": 1,
      "strength": 0.05,
      "gap_B": 1.0423360024179562,
      "M_B": 2.6681495702562197,
      "L_B": 11.672598281024879,
      "eta_dyn": 0.08222287256433862,
      "eta_below_quarter": true,
      "projector_gap": 0.026690501666909384,
      "projector_bound": 0.16444574512867724,
      "projector_ok": true,
      "speed_error": 0.020673177518146124,
      "speed_bound": 0.9597545609554267,
      "speed_ok": true,
      "group_delay": 20254.45360327256,
      "group_delay_bound": 23847536.11191724,
      "group_delay_ok": true
    },
    {
      "seed": 2,
      "strength": 0.002,
      "gap_B": 1.0423360024179642,
      "M_B": 2.489045782337261,
      "L_B": 10.956183129349045,
      "eta_dyn": 0.003058118547293512,
      "eta_below_quarter": true,
      "projector_gap": 0.0018240186940602144,
      "projector_bound": 0.006116237094587024,
      "projector_ok": true,
      "speed_error": 0.000514108868847174,
      "speed_bound": 0.03350530683540658,
      "speed_ok": true,
      "group_delay": 513.844696731423,
      "group_delay_bound": 34666.829598101736,
      "group_delay_ok": true
    },
    {
      "seed": 2,
      "strength": 0.01,
      "gap_B": 1.0423360024179642,
      "M_B": 2.489045782337261,
      "L_B": 10.956183129349045,
      "eta_dyn": 0.015290592736467557,
      "eta_below_quarter": true,
      "projector_gap": 0.009084947278360317,
      "projector_bound": 0.030581185472935115,
      "projector_ok": true,
      "speed_error": 0.0025097549831767374,
      "speed_bound": 0.1675265341770329,
      "speed_ok": true,
      "group_delay": 2503.47188214527,
      "group_delay_bound": 201239.48816965523,
      "group_delay_ok": true
    },
    {
      "seed": 2,
      "strength": 0.05,
      "gap_B": 1.0423360024179642,
      "M_B": 2.489045782337261,
      "L_B": 10.956183129349045,
      "eta_dyn": 0.0764529636823378,
      "eta_below_quarter": true,
      "projector_gap": 0.04447340464135351,
      "projector_bound": 0.1529059273646756,
      "projector_ok": true,
      "speed_error": 0.011077426756920472,
      "speed_bound": 0.8376326708851646,
      "speed_ok": true,
      "group_delay": 10956.061784953345,
      "group_delay_bound": 5158874.482025525,
      "group_delay_ok": true
    },
    {
      "seed": 3,
      "strength": 0.002,
      "gap_B": 1.0423360024179567,
      "M_B": 2.1325237345576613,
      "L_B": 9.530094938230645,
      "eta_dyn": 0.003028417187438921,
      "eta_below_quarter": true,
      "projector_gap": 0.0009472063082533303,
      "projector_bound": 0.006056834374877842,
      "projector_ok": true,
      "speed_error": 0.0010957069752423054,
      "speed_bound": 0.028861103308862348,
      "speed_ok": true,
      "group_delay": 1096.9088659379631,
      "group_delay_bound": 29718.821280043296,
      "group_delay_ok": true
    },
    {
      "seed": 3,
      "strength": 0.01,
      "gap_B": 1.0423360024179567,
      "M_B": 2.1325237345576613,
      "L_B": 9.530094938230645,
      "eta_dyn": 0.0151420859371946,
      "eta_below_quarter": true,
      "projector_gap": 0.004764518453736587,
      "projector_bound": 0.0302841718743892,
      "projector_ok": true,
      "speed_error": 0.005499990758928042,
      "speed_bound": 0.14430551654431167,
      "speed_ok": true,
      "group_delay": 5530.407951554749,
      "group_delay_bound": 168641.40103082068,
      "group_delay_ok": true
    },
    {
      "seed": 3,
      "strength": 0.05,
      "gap_B": 1.0423360024179567,
      "M_B": 2.1325237345576613,
      "L_B": 9.530094938230645,
      "eta_dyn": 0.075710429685973,
      "eta_below_quarter": true,
      "projector_gap": 0.024548348411903106,
      "projector_bound": 0.151420859371946,
      "projector_ok": true,
      "speed_error": 0.028047569306835052,
      "speed_bound": 0.7215275827215585,
      "speed_ok": true,
      "group_delay": 28856.936225605663,
      "group_delay_bound": 2591019.928555836,
      "group_delay_ok": true
    }
  ],
  "bridge_lemma_all_ok": true,
  "dual_norm": {
    "trials": 200,
    "worst_lhs_over_rhs": 0.2790967724512584,
    "dual_norm_ok": true
  }
}
