{
  "C_nu_hat_real": [
    [
      0.9417329721810422,
      0.02913351390947865,
      0.02913351390947865
    ],
    [
      0.02913351390947865,
      0.9417329721810422,
      0.02913351390947865
    ],
    [
      0.02913351390947865,
      0.02913351390947865,
      0.9417329721810422
    ]
  ],
  "Delta_nu": [
    [
      0.6083996388477089,
      -0.30419981942385466,
      -0.30419981942385466
    ],
    [
      -0.30419981942385466,
      0.6083996388477089,
      -0.30419981942385466
    ],
    [
      -0.30419981942385466,
      -0.30419981942385466,
      0.6083996388477089
    ]
  ],
  "E_nu": [
    [
      1.0,
      0.030936066560360288,
      0.030936066560360288
    ],
    [
      0.030936066560360288,
      1.0,
      0.030936066560360288
    ],
    [
      0.030936066560360288,
      0.030936066560360288,
      1.0
    ]
  ],
  "K_core_directed": [
    [
      1.0,
      0.05311785044622235,
      0.004481291694225777
    ],
    [
      0.05311785044622235,
      1.0,
      0.035209057540632735
    ],
    [
      0.004481291694225777,
      0.035209057540632735,
      1.0
    ]
  ],
  "K_core_majorana_sym": [
    [
      1.0,
      0.030936066560360288,
      0.030936066560360288
    ],
    [
      0.030936066560360288,
      1.0,
      0.030936066560360288
    ],
    [
      0.030936066560360288,
      0.030936066560360288,
      1.0
    ]
  ],
  "S_nu": [
    [
      -0.0,
      3.475832573129149,
      3.475832573129149
    ],
    [
      3.475832573129149,
      -0.0,
      3.475832573129149
    ],
    [
      3.475832573129149,
      3.475832573129149,
      -0.0
    ]
  ],
  "artifact": "oph_neutrino_family_response",
  "collective_mode_overlap": 1.061872133120721,
  "edge_amplitude_isotropy_certificate": {
    "closed": true,
    "spread": 0.0,
    "tolerance": 1e-30
  },
  "edge_amplitudes": {
    "a12": 0.030936066560360288,
    "a23": 0.030936066560360288,
    "a31": 0.030936066560360288
  },
  "family_symmetry_certificate": {
    "reason": "equal_edge_amplitudes",
    "s3_equivariant_data": true
  },
  "gap_certificate": {
    "min_gap": 3.3306690738754696e-16,
    "stable": false
  },
  "generated_utc": "2026-07-11T06:22:12Z",
  "labels": [
    "f1",
    "f2",
    "f3"
  ],
  "majorana_normalization_diag": [
    1.0,
    1.0,
    1.0
  ],
  "notes": [
    "This artifact builds the real symmetric Majorana response conditional on the declared sector-response object.",
    "The current upstream sector response is a source-open template/candidate and cannot support physical promotion.",
    "The complex Majorana phase lift stays separate until the congruence-gauge theorem closes.",
    "Unique-edge amplitudes and the weighted edge norm are exported for the residual-envelope theorem burden."
  ],
  "phase_status": "unresolved",
  "projector_gap_seed": 1.1102230246251565e-16,
  "proof_scope": "exact_matrix_algebra_conditional_on_declared_sector_response",
  "public_surface_candidate_allowed": false,
  "rank_lower_bound": 3,
  "source_artifacts": {
    "scale_anchor": "/Users/muellerberndt/Projects/oph-meta/reverse-engineering-reality/code/particles/runs/neutrino/neutrino_scale_anchor.json",
    "sector_response": "/Users/muellerberndt/Projects/oph-meta/reverse-engineering-reality/code/particles/runs/flavor/sector_transport_pushforward.json"
  },
  "source_closure_status": {
    "closed": false,
    "missing_objects": [
      "source_emitted_family_transport_kernel"
    ],
    "upstream_proof_status": "conjugacy_riesz_candidate",
    "upstream_status": "template"
  },
  "source_only_physical_input_eligible": false,
  "status": "real_majorana_response",
  "u_normalization": 1.061872133120721,
  "u_projector": [
    [
      0.3333333333333333,
      0.3333333333333333,
      0.3333333333333333
    ],
    [
      0.3333333333333333,
      0.3333333333333333,
      0.3333333333333333
    ],
    [
      0.3333333333333333,
      0.3333333333333333,
      0.3333333333333333
    ]
  ],
  "u_vector": [
    0.5773502691896258,
    0.5773502691896258,
    0.5773502691896258
  ],
  "weighted_edge_norm_sq": 0.0028711206426811258
}
