{
  "artifact": "oph_intrinsic_neutrino_exact_mixing_law_validation",
  "ascending_gap_shift_is_linear_under_declared_normal_ordering_hypothesis": true,
  "base_parameters": {
    "a_diag_gev": 2.4617526608923523e-12,
    "atm_centroid_gap_isotropic_gev2": 9.549864971855835e-25,
    "mc2_isotropic_gev2": 6.708483588492355e-24,
    "md2_isotropic_gev2": 5.7534970913067715e-24,
    "omega_cycle_rad": 1.7561442767905913,
    "perturbative_denominator_gev": 4.179905533947366e-12,
    "phi_equal_split_rad": 0.5853814255968638,
    "rho_offdiag_gev": 7.615694417250985e-14
  },
  "centroid_gap_actual_gev2": 9.24945663040676e-25,
  "centroid_gap_is_first_order_invariant": true,
  "centroid_gap_isotropic_gev2": 9.549864971855835e-25,
  "centroid_gap_pred_quadratic_gev2": 9.227252853444424e-25,
  "centroid_gap_shift_actual_gev2": -3.0040834144907586e-26,
  "centroid_gap_shift_pred_quadratic_gev2": -3.2261211841141216e-26,
  "centroid_gap_shift_rel_error_quadratic": 0.07391198545031145,
  "collective_vector_actual_aligned": {
    "imag": [
      -0.0008393393651630371,
      0.0035867578840082554,
      -0.0026798269037758716
    ],
    "real": [
      0.5599591627536225,
      0.6258672400837327,
      0.5428767659822172
    ]
  },
  "collective_vector_overlap_from_delta": 0.9999945218895852,
  "collective_vector_overlap_from_eta": 0.9999167250944141,
  "collective_vector_prediction_from_delta": {
    "imag": [
      -0.0011749273932872718,
      0.003972749816569065,
      -0.002797822423281796
    ],
    "real": [
      0.562329929700642,
      0.6236215167705679,
      0.543006687783724
    ]
  },
  "collective_vector_prediction_from_eta": {
    "imag": [
      -0.0004964298666713022,
      0.0036000655323521437,
      -0.0031036356656808416
    ],
    "real": [
      0.570497386254493,
      0.619272920188526,
      0.5394543012426282
    ]
  },
  "delta_actual": {
    "psi12": -0.26644886914679555,
    "psi23": -0.11189347567805047,
    "psi31": 0.37834234482484574
  },
  "delta_m31_actual_gev2": 1.0143949544256274e-24,
  "delta_m31_pred_corrected_from_eta_gev2": 9.997010495598078e-25,
  "delta_m31_pred_corrected_gev2": 1.0032575305887436e-24,
  "delta_m31_rel_error_corrected": 0.010979376216623685,
  "delta_m31_rel_error_corrected_from_eta": 0.014485388360532222,
  "delta_m32_actual_gev2": 8.354963716557245e-25,
  "delta_m32_pred_corrected_from_eta_gev2": 8.45749521129077e-25,
  "delta_m32_pred_corrected_gev2": 8.421930401001412e-25,
  "delta_m32_rel_error_corrected": 0.008015197518028408,
  "delta_m32_rel_error_corrected_from_eta": 0.012271925793087016,
  "delta_pred_from_eta_linear": {
    "psi12": -0.2955272543224803,
    "psi23": -0.047269902547940196,
    "psi31": 0.34279715687042045
  },
  "doublet_rotation_tan2theta_delta": -1.0622592763860044,
  "doublet_rotation_tan2theta_eta_linear": -0.7620458636666096,
  "eta_payload": {
    "psi12": 0.44581837072004404,
    "psi23": 0.07130912844682058,
    "psi31": -0.5171274991668646
  },
  "generated_utc": "2026-07-12T13:49:36Z",
  "mc_scaling_check": [
    {
      "eta_norm_scale": 0.001,
      "mean_collective_vector_overlap": 1.0,
      "mean_rel_error_centroid_quadratic": 4.3986200202930246e-12,
      "mean_rel_error_dm31_corrected": 1.6257020388805673e-08,
      "mean_rel_error_solar_eta_linear": 0.0003213322140309631,
      "min_collective_vector_overlap": 0.9999999999999997
    },
    {
      "eta_norm_scale": 0.003,
      "mean_collective_vector_overlap": 0.9999999999999984,
      "mean_rel_error_centroid_quadratic": 1.1730785320699143e-10,
      "mean_rel_error_dm31_corrected": 1.4460956494178576e-07,
      "mean_rel_error_solar_eta_linear": 0.0009530151379848143,
      "min_collective_vector_overlap": 0.9999999999999981
    },
    {
      "eta_norm_scale": 0.01,
      "mean_collective_vector_overlap": 0.999999999999801,
      "mean_rel_error_centroid_quadratic": 4.3599200267338305e-09,
      "mean_rel_error_dm31_corrected": 1.6135733672675006e-06,
      "mean_rel_error_solar_eta_linear": 0.00318542442553626,
      "min_collective_vector_overlap": 0.9999999999997984
    },
    {
      "eta_norm_scale": 0.03,
      "mean_collective_vector_overlap": 0.9999999999839072,
      "mean_rel_error_centroid_quadratic": 1.2194493932417586e-07,
      "mean_rel_error_dm31_corrected": 1.5104346552901788e-05,
      "mean_rel_error_solar_eta_linear": 0.009941959656615759,
      "min_collective_vector_overlap": 0.9999999999832919
    },
    {
      "eta_norm_scale": 0.1,
      "mean_collective_vector_overlap": 0.9999999980228456,
      "mean_rel_error_centroid_quadratic": 4.41619652640135e-06,
      "mean_rel_error_dm31_corrected": 0.00016560237749474105,
      "mean_rel_error_solar_eta_linear": 0.032426260942401995,
      "min_collective_vector_overlap": 0.9999999977668442
    }
  ],
  "notes": [
    "This validation corrects the earlier atmospheric statement: ordered Delta m31^2 and Delta m32^2 move linearly once the solar pair splits.",
    "The first-order invariant atmospheric object is the collective-to-doublet-centroid gap, not the ordered Delta m31^2 row.",
    "The collective singular-vector deformation law is already highly accurate on the weighted demo and becomes asymptotically exact near the isotropic point."
  ],
  "selector_actual_from_matrix": {
    "psi12": 0.31893255645006824,
    "psi23": 0.4734879499188133,
    "psi31": 0.9637237704217095
  },
  "selector_payload_solution": {
    "psi12": 0.3189325564500682,
    "psi23": 0.47348794991881327,
    "psi31": 0.9637237704217094
  },
  "sigma_actual": 0.38872276295279573,
  "sigma_eta": 0.560511588857831,
  "solar_split_actual_gev2": 1.7889858276990296e-25,
  "solar_split_pred_linear_from_delta_gev2": 1.610644904886026e-25,
  "solar_split_pred_linear_from_eta_gev2": 1.53951528430731e-25,
  "solar_split_rel_error_from_delta_linear": 0.09968828151220374,
  "solar_split_rel_error_from_eta_linear": 0.13944802665797826
}
