{
  "artifact": "oph_neutrino_attachment_normalizer_candidate_audit",
  "best_bridge_scalar_candidate_after_exact_q_mean_factorization": {
    "complexity": 2,
    "converted_formula": "(ratio_hat^-0.5 * sum_defect^-1) * q_mean^p_nu",
    "converted_relative_error": 0.002358286335146408,
    "converted_value": 6.712586060296284,
    "exponents": [
      -0.5,
      -1.0
    ],
    "formula": "ratio_hat^-0.5 * sum_defect^-1",
    "keys": [
      "ratio_hat",
      "sum_defect"
    ],
    "q_mean_to_p_nu": 0.009563086655984892,
    "relative_error": 0.0023582863351464638,
    "value": 701.9267211277783
  },
  "best_overall_symmetric_candidate": {
    "complexity": 2,
    "exponents": [
      -0.5,
      -1.0
    ],
    "formula": "ratio_hat^-0.5 * sum_defect^-1",
    "keys": [
      "ratio_hat",
      "sum_defect"
    ],
    "relative_error": 0.0023582863351464638,
    "value": 701.9267211277783
  },
  "best_simple_symmetric_candidate": {
    "complexity": 2,
    "exponents": [
      -0.5,
      -1.0
    ],
    "formula": "ratio_hat^-0.5 * sum_defect^-1",
    "keys": [
      "ratio_hat",
      "sum_defect"
    ],
    "relative_error": 0.0023582863351464638,
    "value": 701.9267211277783
  },
  "converted_target_bridge_scalar": {
    "name": "B_nu_star",
    "source": "exact_q_mean_factorization_applied_to_F_nu_star",
    "value": 6.696793104628337
  },
  "exact_bridge_scalar_conversion": {
    "definition": "B_nu = F_nu * q_mean^p_nu",
    "q_mean_to_p_nu": 0.009563086655984892,
    "source": "weighted_cycle_attachment_irreducibility_after_full_attached_stack"
  },
  "generated_utc": "2026-07-11T06:47:02Z",
  "hard_guard": {
    "reason": "Any candidate normalizer extracted here is a local search clue beneath the attachment route. It does not bypass the exact positive-rescaling no-go or emit lambda_nu without the missing attachment theorem.",
    "status": "do_not_promote"
  },
  "invariant_pool": {
    "D_nu": 1.127883690210334,
    "eps": 0.10458455029121368,
    "gamma": 0.30236566025890826,
    "p_nu": 1.395092021318097,
    "prod_defect": 1.4306806100966178e-08,
    "prod_gap": 0.09234241373425899,
    "prod_q": 3.634728336741605e-05,
    "ratio_hat": 0.030721110097966534,
    "sum_defect": 0.008128113736742382,
    "sum_gap": 1.5706478772884154,
    "sum_mu": 0.0028711206426811258,
    "sum_mu_defect": 8.451282463660135e-06,
    "sum_mu_eta2": 0.0004222519359222219,
    "sum_mu_gap": 0.001775687781055727,
    "sum_mu_q": 0.00011617570784349524,
    "sum_q": 0.10705742784590543
  },
  "public_promotion_allowed": false,
  "search_family": {
    "exponents": [
      -3.0,
      -2.0,
      -1.0,
      -0.5,
      0.5,
      1.0,
      2.0,
      3.0
    ],
    "kind": "symmetric_one_or_two_factor_monomials",
    "objective": "minimize relative error to F_nu_star"
  },
  "status": "compare_only_normalizer_search",
  "target_bridge_factor": {
    "name": "F_nu_star",
    "source": "weighted_least_squares_compare_only_bridge_factor",
    "value": 700.275271524102
  },
  "top_bridge_scalar_candidates_after_exact_q_mean_factorization": [
    {
      "complexity": 2,
      "converted_formula": "(ratio_hat^-0.5 * sum_defect^-1) * q_mean^p_nu",
      "converted_relative_error": 0.002358286335146408,
      "converted_value": 6.712586060296284,
      "exponents": [
        -0.5,
        -1.0
      ],
      "formula": "ratio_hat^-0.5 * sum_defect^-1",
      "keys": [
        "ratio_hat",
        "sum_defect"
      ],
      "q_mean_to_p_nu": 0.009563086655984892,
      "relative_error": 0.0023582863351464638,
      "value": 701.9267211277783
    },
    {
      "complexity": 2,
      "converted_formula": "(gamma^0.5 * prod_gap^-3) * q_mean^p_nu",
      "converted_relative_error": 0.0027735806922542057,
      "converted_value": 6.678219008573318,
      "exponents": [
        0.5,
        -3.0
      ],
      "formula": "gamma^0.5 * prod_gap^-3",
      "keys": [
        "gamma",
        "prod_gap"
      ],
      "q_mean_to_p_nu": 0.009563086655984892,
      "relative_error": 0.0027735806922541515,
      "value": 698.3330015517397
    },
    {
      "complexity": 2,
      "converted_formula": "(eps^-3 * sum_gap^-0.5) * q_mean^p_nu",
      "converted_relative_error": 0.00393152840543782,
      "converted_value": 6.67046447231215,
      "exponents": [
        -3.0,
        -0.5
      ],
      "formula": "eps^-3 * sum_gap^-0.5",
      "keys": [
        "eps",
        "sum_gap"
      ],
      "q_mean_to_p_nu": 0.009563086655984892,
      "relative_error": 0.003931528405437741,
      "value": 697.5221194024793
    },
    {
      "complexity": 2,
      "converted_formula": "(sum_gap^0.5 * sum_mu_gap^-1) * q_mean^p_nu",
      "converted_relative_error": 0.007868841386158548,
      "converted_value": 6.749489107364577,
      "exponents": [
        0.5,
        -1.0
      ],
      "formula": "sum_gap^0.5 * sum_mu_gap^-1",
      "keys": [
        "sum_gap",
        "sum_mu_gap"
      ],
      "q_mean_to_p_nu": 0.009563086655984892,
      "relative_error": 0.007868841386158646,
      "value": 705.7856265623743
    },
    {
      "complexity": 2,
      "converted_formula": "(ratio_hat^-3 * sum_mu_eta2^0.5) * q_mean^p_nu",
      "converted_relative_error": 0.012060138535582129,
      "converted_value": 6.7775573572142855,
      "exponents": [
        -3.0,
        0.5
      ],
      "formula": "ratio_hat^-3 * sum_mu_eta2^0.5",
      "keys": [
        "ratio_hat",
        "sum_mu_eta2"
      ],
      "q_mean_to_p_nu": 0.009563086655984892,
      "relative_error": 0.012060138535582209,
      "value": 708.7206883117251
    },
    {
      "complexity": 2,
      "converted_formula": "(p_nu^-0.5 * sum_q^-3) * q_mean^p_nu",
      "converted_relative_error": 0.014675305366622747,
      "converted_value": 6.598515620840822,
      "exponents": [
        -0.5,
        -3.0
      ],
      "formula": "p_nu^-0.5 * sum_q^-3",
      "keys": [
        "p_nu",
        "sum_q"
      ],
      "q_mean_to_p_nu": 0.009563086655984892,
      "relative_error": 0.014675305366622699,
      "value": 689.9985180737912
    },
    {
      "complexity": 2,
      "converted_formula": "(prod_q^0.5 * sum_mu_defect^-1) * q_mean^p_nu",
      "converted_relative_error": 0.018695929051692487,
      "converted_value": 6.8219958733863315,
      "exponents": [
        0.5,
        -1.0
      ],
      "formula": "prod_q^0.5 * sum_mu_defect^-1",
      "keys": [
        "prod_q",
        "sum_mu_defect"
      ],
      "q_mean_to_p_nu": 0.009563086655984892,
      "relative_error": 0.018695929051692477,
      "value": 713.3675683171713
    },
    {
      "complexity": 2,
      "converted_formula": "(eps^-3 * D_nu^-2) * q_mean^p_nu",
      "converted_relative_error": 0.018704117949457085,
      "converted_value": 6.571535496516257,
      "exponents": [
        -3.0,
        -2.0
      ],
      "formula": "eps^-3 * D_nu^-2",
      "keys": [
        "eps",
        "D_nu"
      ],
      "q_mean_to_p_nu": 0.009563086655984892,
      "relative_error": 0.018704117949457078,
      "value": 687.1772402484271
    },
    {
      "complexity": 2,
      "converted_formula": "(gamma * sum_mu_eta2^-1) * q_mean^p_nu",
      "converted_relative_error": 0.02256759697688006,
      "converted_value": 6.847923632451138,
      "exponents": [
        1.0,
        -1.0
      ],
      "formula": "gamma * sum_mu_eta2^-1",
      "keys": [
        "gamma",
        "sum_mu_eta2"
      ],
      "q_mean_to_p_nu": 0.009563086655984892,
      "relative_error": 0.022567596976880048,
      "value": 716.0788016247332
    },
    {
      "complexity": 2,
      "converted_formula": "(D_nu^2 * sum_mu_gap^-1) * q_mean^p_nu",
      "converted_relative_error": 0.0230414646288975,
      "converted_value": 6.851097026075675,
      "exponents": [
        2.0,
        -1.0
      ],
      "formula": "D_nu^2 * sum_mu_gap^-1",
      "keys": [
        "D_nu",
        "sum_mu_gap"
      ],
      "q_mean_to_p_nu": 0.009563086655984892,