{
  "artifact": "oph_neutrino_physical_majorana_phase_theorem",
  "basis_contract": {
    "labels": [
      "f1",
      "f2",
      "f3"
    ],
    "orientation_preserved": true,
    "physical_identification_closed": false
  },
  "candidate_parameters": {
    "alpha21_deg": 153.61851777943562,
    "alpha21_deg_0_to_360": 153.61851777943562,
    "alpha21_rad": 2.6811489272845996,
    "alpha21_rad_0_to_2pi": 2.6811489272845996,
    "alpha31_deg": -102.99675917791956,
    "alpha31_deg_0_to_360": 257.00324082208044,
    "alpha31_rad": -1.7976325665383843,
    "alpha31_rad_0_to_2pi": 4.485552740641202,
    "electron_row_gauge_phase_deg": 79.72751605060557,
    "electron_row_gauge_phase_rad": 1.3915076595196934
  },
  "candidate_promotion_eligible": false,
  "charged_basis_eligible": false,
  "depends_on": [
    "oph_neutrino_weighted_cycle_repair",
    "oph_shared_charged_lepton_left_basis",
    "oph_neutrino_weighted_cycle_shared_basis_representation"
  ],
  "emitted_parameters": null,
  "generated_utc": "2026-07-11T06:25:22Z",
  "input_contract_would_have_been_eligible": false,
  "notes": [
    "A strict readout from PMNS columns alone would remain computational-gauge dependent, because arbitrary intermediate column phases leave the oscillation observables unchanged while moving alpha21 and alpha31.",
    "The readout fixes that ambiguity by first taking the canonical Takagi congruence of the emitted symmetric weighted-cycle matrix and then applying the readout-only electron-row gauge `U_e1 in R_{>0}`.",
    "The resulting pair is a comparison-only coordinate of the rejected candidate. The shared-basis identity does not supply an independent physical-basis derivation."
  ],
  "pmns_matrix_imag": [
    [
      0.8042412098161026,
      -0.22137948273475763,
      0.14978396871756297
    ],
    [
      -0.3135003667922312,
      0.3592600183629337,
      0.7538755297968621
    ],
    [
      -0.12886571615680548,
      0.459712428424621,
      -0.6305957660226235
    ]
  ],
  "pmns_matrix_real": [
    [
      0.14575644415157982,
      0.5100329244750375,
      0.01932456241592151
    ],
    [
      0.2886616009610347,
      0.3471946575181609,
      -0.02125546334381538
    ],
    [
      0.3657003729461609,
      0.4794894500655681,
      0.10373135846276062
    ]
  ],
  "pmns_observables": {
    "J": -0.027531156135653653,
    "delta_deg": 305.5806123144979,
    "delta_rad": 5.333387815148318,
    "theta12_deg": 34.22590463181001,
    "theta12_rad": 0.5973547252986622,
    "theta13_deg": 8.686355527700146,
    "theta13_rad": 0.15160550395717703,
    "theta23_deg": 49.72282845058266,
    "theta23_rad": 0.867827069866978
  },
  "proof_chain_role": "candidate_surface",
  "public_promotion_blocker": "The canonical Takagi readout is stable only conditional on the rejected target-informed weighted-cycle matrix. The corpus does not derive the placement of that f-labelled operator in the charged-lepton mass basis, and the historical shared-basis recovery is tautological.",
  "public_promotion_status": "blocked_rejected_candidate_and_missing_basis_placement",
  "public_surface_candidate_allowed": false,
  "readout_checks": {
    "row_gauged_u_e1_imag_abs": 0.0,
    "row_gauged_u_e1_real": 0.8173425625636909
  },
  "readout_convention": {
    "majorana_readout_formula": {
      "alpha21": "2 arg((row_gauged U)_{e2})",
      "alpha31": "2 (arg((row_gauged U)_{e3}) + delta_PMNS)"
    },
    "majorana_readout_row_gauge": "row_gauged_pmns_matrix_* = diag(exp(-i arg(U_e1)), 1, 1) * pmns_matrix_* so (row_gauged U)_{e1} in R_{>0}",
    "stored_pmns_matrix": "pmns_matrix_* stores the canonical Takagi unitary on the repaired weighted-cycle branch before any charged-lepton row rephasing for Majorana readout. On the promoted path, the same matrix is revalidated against the explicit shared-basis transport data.",
    "takagi_condition": "U_PMNS^T M_nu U_PMNS = diag(m_i) with diag(m_i) in R_{>0}"
  },
  "row_gauged_pmns_matrix_imag": [
    [
      0.0,
      -0.5413360354678767,
      0.007696123391525658
    ],
    [
      -0.3135003667922312,
      0.3592600183629337,
      0.7538755297968621
    ],
    [
      -0.12886571615680548,
      0.459712428424621,
      -0.6305957660226235
    ]
  ],
  "row_gauged_pmns_matrix_real": [
    [
      0.8173425625636909,
      -0.12687693300356034,
      0.15082919373282197
    ],
    [
      0.2886616009610347,
      0.3471946575181609,
      -0.02125546334381538
    ],
    [
      0.3657003729461609,
      0.4794894500655681,
      0.10373135846276062
    ]
  ],
  "shared_basis_identity_checks": null,
  "shared_basis_representation": {
    "artifact": "oph_neutrino_weighted_cycle_shared_basis_representation",
    "basis_placement_source_derived": false,
    "blocker": "tautological_common_transport_does_not_derive_physical_basis_placement",
    "physical_branch_closed": false,
    "promotion_use": "blocked",
    "source_path": "code/particles/runs/neutrino/neutrino_weighted_cycle_shared_basis_representation.json",
    "statement": "The historical shared-basis recovery is an identity created by defining U_nu_shared = U_e_left U_wc. No source theorem places the f-labelled weighted-cycle operator in the charged-lepton mass basis, so the calculation cannot close a physical PMNS branch.",
    "status": "basis_placement_open_tautological_transport_audit"
  },
  "shared_basis_use_status": "basis_placement_open_no_public_majorana_emission",
  "source_artifacts": {
    "shared_basis_representation": "code/particles/runs/neutrino/neutrino_weighted_cycle_shared_basis_representation.json",
    "shared_charged_left_basis": "code/particles/runs/neutrino/shared_charged_lepton_left_basis.json",
    "weighted_cycle_branch": "code/particles/runs/neutrino/neutrino_weighted_cycle_repair.json"
  },
  "statement": "Canonical Takagi congruence fixes one Majorana-phase pair conditional on the rejected weighted-cycle matrix. The pair has comparison-only candidate status because the physical basis placement is not derived.",
  "status": "candidate_only",
  "takagi_congruence": {
    "congruence_half_angles_deg": [
      -79.72751605060562,
      23.46322505967657,
      -82.64852414714792
    ],
    "congruence_half_angles_rad": [
      -1.391507659519694,
      0.40951053042779917,
      -1.4424888682817696
    ],
    "diagonalized_imag_max_abs": 8.673617379884035e-18,
    "diagonalized_offdiag_max_abs": 4.437129678412874e-17,
    "diagonalized_real_masses": [
      0.01012630148527337,
      0.011302414501969324,
      0.030791424088410596
    ],
    "phase_relation_offdiag_max_abs": 4.1111994833554825e-15,
    "singular_values": [
      0.010126301485273374,
      0.011302414501969326,
      0.03079142408841062
    ]
  },
  "theorem_object": "canonical_majorana_phase_pair_candidate",
  "theorem_surface": "weighted_cycle_takagi_readout_candidate",
  "weighted_cycle_observables_match": {
    "J_abs_delta": 6.591949208711867e-17,
    "delta_deg_abs_delta": 5.684341886080802e-14,
    "theta12_deg_abs_delta": 1.4210854715202004e-14,
    "theta13_deg_abs_delta": 1.0658141036401503e-14,
    "theta23_deg_abs_delta": 0.0
  }
}
