{
  "artifact": "oph_neutrino_attachment_irreducibility_theorem",
  "current_attached_stack_summary": {
    "centered_phase_residuals": {
      "sum": -1.6653345369377348e-16,
      "u": -0.26644886914679555,
      "v": -0.11189347567805047,
      "w": 0.37834234482484586
    },
    "chi_nu": 1.1045845502912137,
    "compare_only_bridge_factor_required_by_weighted_fit": 700.275271524102,
    "current_centered_scalar": 0.00010744050496836812,
    "current_centered_scalar_bound": {
      "lower": 0.0,
      "upper": 0.0057422412853622515
    },
    "p_nu": 1.395092021318097,
    "q_mean": 0.035685809281968475,
    "q_mean_to_p": 0.009563086655984892,
    "qbar_e": {
      "psi12": 1.4497002945360171,
      "psi23": 0.9968525629695346,
      "psi31": 0.5534471424944484
    },
    "qbar_weights_p": {
      "psi12": 1.678796162877917,
      "psi23": 0.995611767587928,
      "psi31": 0.43809428325405575
    }
  },
  "exact_extension_family": {
    "family_law": {
      "masses": [
        "m_i = A_nu * mtilde_i(qbar,psi)"
      ],
      "splittings": [
        "Delta m^2_ij = A_nu^2 * Deltatilde_ij(qbar,psi)"
      ]
    },
    "parameter": "A_nu in R_{>0}",
    "sample_extensions": [
      {
        "absolute_dm2": {
          "21": 1.527334062343988e-10,
          "31": 5.124344319620905e-09,
          "32": 4.971610913386506e-09
        },
        "absolute_masses": [
          2.4928449626369908e-05,
          2.7823748974731296e-05,
          7.58008701823097e-05
        ],
        "fixed_stack_invariants": {
          "current_centered_scalar": 0.00010744050496836812,
          "pmns_observables": {
            "J": -0.02753115613565372,
            "delta_deg": 305.58061231449796,
            "delta_rad": 5.333387815148319,
            "theta12_deg": 34.225904631810025,
            "theta12_rad": 0.5973547252986625,
            "theta13_deg": 8.686355527700156,
            "theta13_rad": 0.15160550395717723,
            "theta23_deg": 49.72282845058266,
            "theta23_rad": 0.867827069866978
          },
          "qbar_e": {
            "psi12": 1.4497002945360171,
            "psi23": 0.9968525629695346,
            "psi31": 0.5534471424944484
          },
          "ratio_21_over_32": 0.030721110097966534
        },
        "lambda_value": 0.0024617526608923523,
        "name": "direct_m_star_attachment_diagnostic"
      },
      {
        "absolute_dm2": {
          "21": 2.520259180367675e-05,
          "31": 0.0008455698156217034,
          "32": 0.0008203672238180266
        },
        "absolute_masses": [
          0.010126301485273374,
          0.011302414501969324,
          0.03079142408841061
        ],
        "fixed_stack_invariants": {
          "current_centered_scalar": 0.00010744050496836812,
          "pmns_observables": {
            "J": -0.02753115613565372,
            "delta_deg": 305.58061231449796,
            "delta_rad": 5.333387815148319,
            "theta12_deg": 34.225904631810025,
            "theta12_rad": 0.5973547252986625,
            "theta13_deg": 8.686355527700156,
            "theta13_rad": 0.15160550395717723,
            "theta23_deg": 49.72282845058266,
            "theta23_rad": 0.867827069866978
          },
          "qbar_e": {
            "psi12": 1.4497002945360171,
            "psi23": 0.9968525629695346,
            "psi31": 0.5534471424944484
          },
          "ratio_21_over_32": 0.030721110097966534
        },
        "lambda_value": 1.0,
        "name": "unit_representative"
      },
      {
        "absolute_dm2": {
          "21": 7.489824104866107e-05,
          "31": 0.0025129039254076606,
          "32": 0.002438005684358999
        },
        "absolute_masses": [
          0.017456776830781087,
          0.01948428336809841,
          0.05308147494868013
        ],
        "fixed_stack_invariants": {
          "current_centered_scalar": 0.00010744050496836812,
          "pmns_observables": {
            "J": -0.02753115613565372,
            "delta_deg": 305.58061231449796,
            "delta_rad": 5.333387815148319,
            "theta12_deg": 34.225904631810025,
            "theta12_rad": 0.5973547252986625,
            "theta13_deg": 8.686355527700156,
            "theta13_rad": 0.15160550395717723,
            "theta23_deg": 49.72282845058266,
            "theta23_rad": 0.867827069866978
          },
          "qbar_e": {
            "psi12": 1.4497002945360171,
            "psi23": 0.9968525629695346,
            "psi31": 0.5534471424944484
          },
          "ratio_21_over_32": 0.030721110097966534
        },
        "lambda_value": 1.7239045130315727,
        "name": "compare_only_weighted_least_squares"
      },
      {
        "absolute_dm2": {
          "21": 0.000100810367214707,
          "31": 0.0033822792624868137,
          "32": 0.0032814688952721065
        },
        "absolute_masses": [
          0.02025260297054675,
          0.022604829003938648,
          0.06158284817682122
        ],
        "fixed_stack_invariants": {
          "current_centered_scalar": 0.00010744050496836812,
          "pmns_observables": {
            "J": -0.02753115613565372,
            "delta_deg": 305.58061231449796,
            "delta_rad": 5.333387815148319,
            "theta12_deg": 34.225904631810025,
            "theta12_rad": 0.5973547252986625,
            "theta13_deg": 8.686355527700156,
            "theta13_rad": 0.15160550395717723,
            "theta23_deg": 49.72282845058266,
            "theta23_rad": 0.867827069866978
          },
          "qbar_e": {
            "psi12": 1.4497002945360171,
            "psi23": 0.9968525629695346,
            "psi31": 0.5534471424944484
          },
          "ratio_21_over_32": 0.030721110097966534
        },
        "lambda_value": 2.0,
        "name": "two_times_unit_representative"
      }
    ]
  },
  "factorization_validation": {
    "factored_pmns_abs": [
      [
        0.8173425625636886,
        0.5560058088046134,
        0.15102541507094358
      ],
      [
        0.42615490123692484,
        0.49961174025765903,
        0.7541751183567778
      ],
      [
        0.38774106769024297,
        0.664263238161078,
        0.6390705867540682
      ]
    ],
    "factored_ratio_21_over_32": 0.0307211100979665,
    "q_rescaling_orbit_checks": [
      {
        "common_q_rescaling": 0.5,
        "expected_dm_scaling": 0.14456757952308663,
        "max_abs_difference_in_abs_unitary": 3.774758283725532e-15,
        "max_relative_dm_scaling_error": 9.992007221626409e-16,
        "ratio_21_over_32": 0.030721110097966492
      },
      {
        "common_q_rescaling": 2.0,
        "expected_dm_scaling": 6.917180209414142,
        "max_abs_difference_in_abs_unitary": 8.881784197001252e-16,
        "max_relative_dm_scaling_error": 6.661338147750939e-16,
        "ratio_21_over_32": 0.030721110097966513
      },
      {
        "common_q_rescaling": 10.0,
        "expected_dm_scaling": 616.856354060535,
        "max_abs_difference_in_abs_unitary": 1.7763568394002505e-15,
        "max_relative_dm_scaling_error": 2.220446049250313e-15,
        "ratio_21_over_32": 0.03072111009796645
      }
    ],
    "raw_pmns_abs": [
      [
        0.8173425625636912,
        0.5560058088046098,
        0.15102541507094358
      ],
      [
        0.4261549012369229,
        0.4996117402576608,
        0.7541751183567779
      ],
      [
        0.38774106769024036,
        0.6642632381610797,
        0.6390705867540682
      ]
    ],
    "raw_ratio_21_over_32": 0.030721110097966534,
    "raw_vs_factored_cycle_matrix_max_abs_error": 3.469446951953614e-18,
    "raw_vs_factored_dm_max_abs_error": 1.0842021724855044e-19,
    "raw_vs_factored_mass_max_abs_error": 3.469446951953614e-18,
    "raw_vs_factored_pmns_abs_max_abs_error": 3.552713678800501e-15
  },
  "generated_utc": "2026-07-18T06:04:30Z",
  "inputs_used": {
    "absolute_scaffold_artifact": "oph_neutrino_absolute_attachment_scaffold",