{
  "artifact": "oph_neutrino_compare_only_scale_fit",
  "central_ratio_mismatch": {
    "predicted_ratio_21_over_32": 0.030721110097966534,
    "reference_ratio_21_over_32": 0.030721903199343724,
    "relative_difference": -2.5815502771561345e-05,
    "statement": "One lambda_nu cannot hit both reference central splittings exactly because the repaired branch fixes a ratio that differs from the reference central ratio."
  },
  "exact_central_match_possible_with_single_lambda_nu": false,
  "existing_compare_only_adapter": {
    "adapter_formula": "lambda_nu_cmp = sqrt(Delta m32^2_anchor / Delta_hat_32)",
    "adapter_status": "hard_separated_compare_only_adapter",
    "delta_m21_sq_eV2": 7.489806641884242e-05,
    "delta_m31_sq_eV2": 0.0025128980664188426,
    "delta_m32_sq_eV2": 0.002438,
    "delta_m32_sq_input_eV2": 0.002438,
    "lambda_nu_cmp": 1.7239025033361262,
    "m0": 1.7239025033361262,
    "masses_eV": [
      0.017456756479999103,
      0.019484260653687455,
      0.053081413067295344
    ],
    "normalization_kind": "atmospheric_anchor",
    "status": "compare_only",
    "sum_masses_eV": 0.0900224302009819
  },
  "fits": {
    "atmospheric_only": {
      "chi2_21_32": 9.832310566665486e-07,
      "delta_m_sq_eV2": {
        "21": 7.489806641884242e-05,
        "31": 0.0025128980664188426,
        "32": 0.002438
      },
      "fit_kind": "atmospheric_only",
      "lambda_nu": 1.7239025033361262,
      "masses_eV": [
        0.017456756479999103,
        0.019484260653687455,
        0.053081413067295344
      ],
      "ratio_21_over_32": 0.030721110097966537,
      "residual_sigma": {
        "21": -0.0009915800808137226,
        "32": 0.0
      }
    },
    "solar_only": {
      "chi2_21_32": 9.90355253666691e-06,
      "delta_m_sq_eV2": {
        "21": 7.49e-05,
        "31": 0.0025129629398205804,
        "32": 0.0024380629398205803
      },
      "fit_kind": "solar_only",
      "lambda_nu": 1.723924755471891,
      "masses_eV": [
        0.017456981811834547,
        0.01948451215654942,
        0.05308209824224456
      ],
      "ratio_21_over_32": 0.030721110097966534,
      "residual_sigma": {
        "21": 0.0,
        "32": 0.0031469910290096016
      }
    },
    "weighted_least_squares": {
      "chi2_21_32": 8.944313388700131e-07,
      "delta_m_sq_eV2": {
        "21": 7.489824104866108e-05,
        "31": 0.002512903925407661,
        "32": 0.0024380056843589996
      },
      "fit_kind": "weighted_least_squares",
      "lambda_nu": 1.7239045130315727,
      "masses_eV": [
        0.017456776830781087,
        0.01948428336809841,
        0.05308147494868013
      ],
      "ratio_21_over_32": 0.030721110097966537,
      "residual_sigma": {
        "21": -0.0009020263276536176,
        "32": 0.00028421794997807864
      }
    }
  },
  "generated_utc": "2026-07-11T06:25:21Z",
  "reference_central_values": {
    "delta_m21_sq_eV2": 7.49e-05,
    "delta_m21_sq_sigma_eV2": 1.95e-06,
    "delta_m32_sq_eV2": 0.002438,
    "delta_m32_sq_sigma_eV2": 2e-05,
    "source": "PDG 2025 neutrino review Table 14.7, Ref. [193] with SK-ATM and IC24, normal ordering, representative central values"
  },
  "scale_free_branch": {
    "delta_hat_m_sq_eV2": {
      "21": 2.520259180367675e-05,
      "31": 0.0008455698156217034,
      "32": 0.0008203672238180266
    },
    "m_hat_eV": [
      0.010126301485273374,
      0.011302414501969324,
      0.03079142408841061
    ],
    "pmns_observables": {
      "J": -0.02753115613565372,
      "delta_deg": 305.58061231449796,
      "delta_rad": 5.333387815148319,
      "theta12_deg": 34.225904631810025,
      "theta12_rad": 0.5973547252986625,
      "theta13_deg": 8.686355527700156,
      "theta13_rad": 0.15160550395717723,
      "theta23_deg": 49.72282845058266,
      "theta23_rad": 0.867827069866978
    },
    "ratio_21_over_32": 0.030721110097966534
  },
  "source_artifact": "/Users/muellerberndt/Projects/oph-meta/reverse-engineering-reality/code/particles/runs/neutrino/neutrino_weighted_cycle_repair.json",
  "status": "compare_only",
  "theorem_boundary": {
    "forbidden_feedback": "compare_only_fit_must_not_feed_back_into_theorem_state_or_lambda_nu_emission",
    "statement": "The repaired weighted-cycle branch fixes the PMNS pattern and the dimensionless splitting ratio. A single positive lambda_nu rescales all masses and all Delta m^2 values together, but it cannot change the fixed ratio Delta_hat_21 / Delta_hat_32.",
    "status": "scale_parameter_open_compare_only_fit_surface"
  }
}
