{
  "artifact": "oph_neutrino_weighted_cycle_shared_basis_representation",
  "basis_audit": {
    "cycle_basis_order": [
      "f3",
      "f1",
      "f2"
    ],
    "historical_recovery_independent_empirical_content": false,
    "historical_recovery_is_tautology": true,
    "literal_source_basis_interpretation_is_promotable": false,
    "literal_source_basis_matrix_imag": [
      [
        0.0,
        -0.005033930258857977,
        -0.0034409541855482603
      ],
      [
        -0.005033930258857977,
        0.0,
        -0.004341567374288044
      ],
      [
        -0.0034409541855482603,
        -0.004341567374288044,
        0.0
      ]
    ],
    "literal_source_basis_matrix_real": [
      [
        -0.017733523041378037,
        0.01524485668490928,
        0.0023899845251189994
      ],
      [
        0.01524485668490928,
        -0.010516883830923774,
        0.008473638500134547
      ],
      [
        0.0023899845251189994,
        0.008473638500134547,
        -0.004627694081134708
      ]
    ],
    "literal_source_basis_pmns_abs": [
      [
        0.5536442403200578,
        0.44325450650332404,
        0.7049847499236569
      ],
      [
        0.6606212941241794,
        0.29815236874934103,
        0.688973635750202
      ],
      [
        0.5070084426418567,
        0.8453582716657193,
        0.1682612005669379
      ]
    ],
    "literal_source_basis_pmns_imag": [
      [
        0.2659788004106811,
        -0.1233470598519225,
        0.6162501461716847
      ],
      [
        -0.48596685164171183,
        0.1538899493937671,
        -0.5318362292002686
      ],
      [
        -0.20896763842660845,
        -0.34502431000966355,
        0.15765537019911108
      ]
    ],
    "literal_source_basis_pmns_observables": {
      "J": -0.02331643709188166,
      "delta_deg": 324.2140353100193,
      "delta_rad": 5.658602397336991,
      "theta12_deg": 38.68120088863878,
      "theta12_rad": 0.6751143141321031,
      "theta13_deg": 44.828312032869384,
      "theta13_rad": 0.7824016430849633,
      "theta23_deg": 76.27586231032956,
      "theta23_rad": 1.3312649371130996
    },
    "literal_source_basis_pmns_real": [
      [
        -0.48556896788372805,
        0.4257464742794608,
        0.3424021830659061
      ],
      [
        -0.44750051771562,
        0.2553678101610045,
        0.4379896072612812
      ],
      [
        -0.46194164891307116,
        -0.7717440203694537,
        0.058792991619822745
      ]
    ],
    "literal_source_basis_u_nu_imag": [
      [
        -0.31350036679223237,
        0.35926001836293325,
        -0.7538755297968626
      ],
      [
        -0.12886571615680661,
        0.4597124284246209,
        0.6305957660226238
      ],
      [
        0.804241209816103,
        -0.22137948273475655,
        -0.1497839687175631
      ]
    ],
    "literal_source_basis_u_nu_real": [
      [
        0.2886616009610343,
        0.3471946575181617,
        0.02125546334381516
      ],
      [
        0.3657003729461604,
        0.479489450065569,
        -0.10373135846276058
      ],
      [
        0.14575644415157857,
        0.5100329244750381,
        -0.019324562415921547
      ]
    ],
    "missing_source_object": "weighted_cycle_operator_basis_placement_and_physical_family_map",
    "shared_basis_order": [
      "f1",
      "f2",
      "f3"
    ],
    "shared_from_cycle_indices": [
      1,
      2,
      0
    ]
  },
  "basis_contract": {
    "labels": [
      "f1",
      "f2",
      "f3"
    ],
    "orientation_preserved": true,
    "physical_identification_closed": false
  },
  "basis_labels": [
    "f1",
    "f2",
    "f3"
  ],
  "basis_placement_source_derived": false,
  "candidate_parameters": {
    "alpha21_deg": 153.61851777943562,
    "alpha21_deg_0_to_360": 153.61851777943562,
    "alpha21_rad": 2.6811489272845996,
    "alpha21_rad_0_to_2pi": 2.6811489272845996,
    "alpha31_deg": -102.99675917792007,
    "alpha31_deg_0_to_360": 257.00324082207993,
    "alpha31_rad": -1.7976325665383932,
    "alpha31_rad_0_to_2pi": 4.485552740641193,
    "electron_row_gauge_phase_deg": 79.72751605060557,
    "electron_row_gauge_phase_rad": 1.3915076595196934
  },
  "charged_basis_input_status": "open_upstream_charged_basis_not_identified",
  "charged_basis_matrix_imag": [
    [
      0.0,
      -0.0034409541855482603,
      -0.004341567374288044
    ],
    [
      -0.0034409541855482603,
      0.0,
      -0.005033930258857977
    ],
    [
      -0.004341567374288044,
      -0.005033930258857977,
      0.0
    ]
  ],
  "charged_basis_matrix_real": [
    [
      -0.004627694081134708,
      0.0023899845251189994,
      0.008473638500134547
    ],
    [
      0.0023899845251189994,
      -0.017733523041378037,
      0.01524485668490928
    ],
    [
      0.008473638500134547,
      0.01524485668490928,
      -0.010516883830923774
    ]
  ],
  "charged_basis_pmns_use_allowed": false,
  "construction": {
    "historical_declared_charged_basis_pullback": "M_shared = U_e_left^* M_wc U_e_left^dagger",
    "historical_defined_neutrino_unitary": "U_nu_shared = U_e_left U_wc",
    "historical_identity": "U_e_left^dagger U_nu_shared = U_wc",
    "literal_source_basis_test": "reorder M_wc from cycle_basis_order to [f1,f2,f3], diagonalize independently, then form U_e_left^dagger U_nu"
  },
  "declared_charged_basis_matrix_imag": [
    [
      0.0,
      -0.0034409541855482603,
      -0.004341567374288044
    ],
    [
      -0.0034409541855482603,
      0.0,
      -0.005033930258857977
    ],
    [
      -0.004341567374288044,
      -0.005033930258857977,
      0.0
    ]
  ],
  "declared_charged_basis_matrix_real": [
    [
      -0.004627694081134708,
      0.0023899845251189994,
      0.008473638500134547
    ],
    [
      0.0023899845251189994,
      -0.017733523041378037,
      0.01524485668490928
    ],
    [
      0.008473638500134547,
      0.01524485668490928,
      -0.010516883830923774
    ]
  ],
  "depends_on": [
    "oph_neutrino_weighted_cycle_repair",
    "oph_shared_charged_lepton_left_basis"
  ],
  "emitted_parameters": null,
  "generated_utc": "2026-07-11T06:25:22Z",
  "notes": [
    "The exact congruence and PMNS recovery residuals verify algebra only; they do not select the input basis.",
    "The literal f-basis calculation is a diagnostic because the current corpus does not derive the physical family map or the weighted-cycle operator itself.",
    "A future promotion requires an independently source-emitted neutrino operator and charged-family basis map before oscillation data are consulted."
  ],
  "physical_branch_closed": false,
  "pmns_matrix_imag": [
    [
      0.8042412098161023,
      -0.2213794827347574,
      0.14978396871756272
    ],
    [
      -0.31350036679223126,
      0.3592600183629337,
      0.7538755297968618
    ],
    [
      -0.12886571615680517,
      0.45971242842462084,
      -0.630595766022623
    ]
  ],
  "pmns_matrix_real": [
    [
      0.1457564441515798,
      0.5100329244750373,
      0.01932456241592159
    ],
    [
      0.2886616009610346,
      0.3471946575181609,
      -0.021255463343815444
    ],
    [
      0.3657003729461609,
      0.479489450065568,
      0.10373135846276055
    ]
  ],
  "pmns_observables": {
    "J": -0.027531156135653618,
    "delta_deg": 305.58061231449767,
    "delta_rad": 5.333387815148314,
    "theta12_deg": 34.22590463180999,
    "theta12_rad": 0.5973547252986618,
    "theta13_deg": 8.686355527700131,
    "theta13_rad": 0.15160550395717678,
    "theta23_deg": 49.72282845058262,
    "theta23_rad": 0.8678270698669773
  },
  "prediction_promotion_allowed": false,
  "proof_chain_role": "nonpromoting_basis_audit",
  "public_surface_candidate_allowed": false,