{
  "basis_labels": [
    "f1",
    "f2",
    "f3"
  ],
  "charged_left_artifact": "/Users/muellerberndt/Projects/oph-meta/reverse-engineering-reality/code/particles/runs/neutrino/shared_charged_lepton_left_basis.json",
  "diagnostic_only": {
    "pmns_abs": [
      [
        0.7062450208729147,
        0.7065834787739287,
        0.0442465593684898
      ],
      [
        0.7054243111156162,
        0.707439173771883,
        0.04366184489933758
      ],
      [
        0.059954247383105196,
        0.016419590028029247,
        0.9980660726044323
      ]
    ],
    "pmns_imag": [
      [
        0.5837781783001049,
        -0.4026685769520157,
        0.04101697626447531
      ],
      [
        0.585858015510642,
        -0.387822240430814,
        0.042096077736841354
      ],
      [
        0.004064440551268703,
        -0.0013509536934801479,
        -0.015379590145266443
      ]
    ],
    "pmns_real": [
      [
        -0.3974733551426998,
        -0.5806188333250184,
        -0.016594145777013073
      ],
      [
        0.3929298211829616,
        0.5916621454971313,
        0.011587792679696198
      ],
      [
        -0.05981631969855533,
        0.016363919481793776,
        0.9979475705120984
      ]
    ],
    "standard_pmns_parameters": {
      "delta_pmns": -2.6070844169954985,
      "jarlskog": -0.0004911171061359829,
      "theta_12": 0.7856377238923167,
      "theta_13": 0.04426100944521581,
      "theta_23": 0.04371857274036749
    },
    "status": "conditional_on_open_charged_basis"
  },
  "majorana_artifact": "/Users/muellerberndt/Projects/oph-meta/reverse-engineering-reality/code/particles/runs/neutrino/intrinsic_neutrino_mass_eigenstate_bundle_from_scalar_certificate.json",
  "notes": [
    "Refusing PMNS because the charged-lepton artifact does not close a stable physical left basis.",
    "The neutrino scalar input is also not source-closed."
  ],
  "status": "blocked_upstream_charged_basis_open"
}
