{
  "artifact": "oph_realized_same_label_gap_defect_readback",
  "base_mu_nu": 0.000957040214227042,
  "complete_by_arrow": {
    "psi12": true,
    "psi23": true,
    "psi31": true
  },
  "defect_e": {
    "psi12": 0.002830115427406521,
    "psi23": 0.004049711185057259,
    "psi31": 0.001248287124278602
  },
  "derived_q_e": {
    "psi12": 0.05173372822682583,
    "psi23": 0.03557349044437228,
    "psi31": 0.019750209174707316
  },
  "eta_e": {
    "psi12": 0.4458183707200445,
    "psi23": 0.07130912844682102,
    "psi31": -0.5171274991668642
  },
  "eta_e_rule": "eta_e = 0.5 * ((log g_e + log d_e) - mean_f(log g_f + log d_f))",
  "gap_e": {
    "psi12": 0.9456782611512323,
    "psi23": 0.3124848080685916,
    "psi31": 0.3124848080685916
  },
  "generated_utc": "2026-07-11T05:24:08Z",
  "kernel_choice": "1-cos",
  "metadata": {
    "note": "The same-label pullback is numerically complete on ordered labels f1,f2,f3, but physical source closure follows the family-kernel and line-lift gates.",
    "source_artifacts": [
      "oph_defect_weighted_majorana_edge_weight_family",
      "oph_family_transport_kernel",
      "oph_overlap_edge_line_lift"
    ]
  },
  "missing_fields_by_arrow": {
    "psi12": [],
    "psi23": [],
    "psi31": []
  },
  "mu_e": {
    "psi12": 0.0013874214804477558,
    "psi23": 0.000954027990417139,
    "psi31": 0.0005296711718162312
  },
  "mu_e_rule": "mu_e = base_mu_nu * exp(delta_e) / mean_f(exp(delta_f))",
  "neutrino_only_isotropy_obstruction": false,
  "payload_status": "complete_numeric_values_source_open",
  "proof_status": "conditional_numeric_readback_from_template_flavor_artifacts",
  "q_e": {
    "psi12": 0.05173372822682583,
    "psi23": 0.03557349044437228,
    "psi31": 0.019750209174707316
  },
  "q_e_rule": "q_e = sqrt(gap_e * defect_e)",
  "q_mean": 0.035685809281968475,
  "q_spread": 0.03198351905211851,
  "rank_e": {
    "psi12": 0.9999999999999999,
    "psi23": 0.9999999999999997,
    "psi31": 1.0
  },
  "realized_same_label_arrows": [
    "psi12",
    "psi23",
    "psi31"
  ],
  "same_label": {
    "psi12": "f1",
    "psi23": "f2",
    "psi31": "f3"
  },
  "same_label_defect_rule": "d_e = 0.5 * ||P_head(e) - L_e P_tail(e) L_e^*||_HS^2 = 1 - overlap_sq_e",
  "same_label_defect_witness": {
    "psi12": {
      "chi_diagonal_trace": {
        "amplitude": 0.9971698845725935,
        "imag": 0.0,
        "phase": 0.0,
        "real": 0.9971698845725935
      },
      "defect_rule": "d_e = 1 - overlap_sq_e",
      "head_refinement_level": 1,
      "rank_e": 0.9999999999999999,
      "same_label": "f1",
      "source_artifacts": {
        "overlap_edge_line_lift": "oph_overlap_edge_line_lift",
        "transport_partial_isometry": "same_label_projective_polar_riesz_lift"
      },
      "tail_refinement_level": 0
    },
    "psi23": {
      "chi_diagonal_trace": {
        "amplitude": 0.9959502888149427,
        "imag": 1.9081958235744878e-17,
        "phase": 1.9159548875125124e-17,
        "real": 0.9959502888149427
      },
      "defect_rule": "d_e = 1 - overlap_sq_e",
      "head_refinement_level": 1,
      "rank_e": 0.9999999999999997,
      "same_label": "f2",
      "source_artifacts": {
        "overlap_edge_line_lift": "oph_overlap_edge_line_lift",
        "transport_partial_isometry": "same_label_projective_polar_riesz_lift"
      },
      "tail_refinement_level": 0
    },
    "psi31": {
      "chi_diagonal_trace": {
        "amplitude": 0.9987517128757214,
        "imag": 3.469446951953614e-18,
        "phase": 3.4737832308331984e-18,
        "real": 0.9987517128757214
      },
      "defect_rule": "d_e = 1 - overlap_sq_e",
      "head_refinement_level": 1,
      "rank_e": 1.0,
      "same_label": "f3",
      "source_artifacts": {
        "overlap_edge_line_lift": "oph_overlap_edge_line_lift",
        "transport_partial_isometry": "same_label_projective_polar_riesz_lift"
      },
      "tail_refinement_level": 0
    }
  },
  "same_label_gap_witness": {
    "psi12": {
      "gap_rule": "g_e = sqrt(gap_tail * gap_head)",
      "head_eigenvalue": 1.3557137562771555,
      "head_gap": 0.9511878042862792,
      "head_refinement_level": 1,
      "same_label": "f1",
      "source_artifacts": {
        "family_transport_kernel": "oph_family_transport_kernel",
        "overlap_edge_line_lift": "oph_overlap_edge_line_lift"
      },
      "tail_eigenvalue": 1.351114623629298,
      "tail_gap": 0.9402006308155508,
      "tail_refinement_level": 0
    },
    "psi23": {
      "gap_rule": "g_e = sqrt(gap_tail * gap_head)",
      "head_eigenvalue": 0.40452595199087626,
      "head_gap": 0.30236566025890826,
      "head_refinement_level": 1,
      "same_label": "f2",
      "source_artifacts": {
        "family_transport_kernel": "oph_family_transport_kernel",
        "overlap_edge_line_lift": "oph_overlap_edge_line_lift"
      },
      "tail_eigenvalue": 0.410913992813747,
      "tail_gap": 0.3229426092567919,
      "tail_refinement_level": 0
    },
    "psi31": {
      "gap_rule": "g_e = sqrt(gap_tail * gap_head)",
      "head_eigenvalue": 0.102160291731968,
      "head_gap": 0.30236566025890826,
      "head_refinement_level": 1,
      "same_label": "f3",
      "source_artifacts": {
        "family_transport_kernel": "oph_family_transport_kernel",
        "overlap_edge_line_lift": "oph_overlap_edge_line_lift"
      },
      "tail_eigenvalue": 0.0879713835569551,
      "tail_gap": 0.3229426092567919,
      "tail_refinement_level": 0
    }
  },
  "same_label_overlap_sq": {
    "psi12": 0.9971698845725935,
    "psi23": 0.9959502888149427,
    "psi31": 0.9987517128757214
  },
  "same_label_readback_origin": "realized_arrow_pullback_from_flavor_gap_and_defect_certificates",
  "selector_center": "principal_equal_split",
  "smallest_constructive_missing_object": null,
  "source_closure_status": {
    "closed": false,
    "family_transport_kernel_explicit_source_closure": false,
    "family_transport_kernel_proof_status": "conjugacy_riesz_candidate",
    "family_transport_kernel_status": "template",
    "missing_objects": [
      "source_emitted_family_transport_kernel",
      "theorem_grade_overlap_edge_line_lift"
    ],
    "overlap_edge_line_lift_explicit_source_closure": false,
    "overlap_edge_line_lift_proof_status": "candidate_only"
  },
  "source_only_physical_input_eligible": false,
  "strict_smallest_exact_missing_object": null,
  "upstream_exact_clause": "same_label_overlap_nonzero_on_realized_refinement_arrows"
}
