{
  "artifact": "oph_same_label_overlap_defect_weight_normalizer",
  "base_mu_nu": 0.000957040214227042,
  "defect_e": {
    "psi12": 0.002830115427406521,
    "psi23": 0.004049711185057259,
    "psi31": 0.001248287124278602
  },
  "equivalence_theorem": "qbar_e = exp(eta_e) / mean_f(exp(eta_f))",
  "eta_e": {
    "psi12": 0.4458183707200445,
    "psi23": 0.07130912844682102,
    "psi31": -0.5171274991668642
  },
  "exp_eta_bar_e": {
    "psi12": 1.4497002945360173,
    "psi23": 0.9968525629695345,
    "psi31": 0.5534471424944484
  },
  "exp_eta_e": {
    "psi12": 1.5617677780144748,
    "psi23": 1.0739131516664562,
    "psi31": 0.596230763861889
  },
  "exp_eta_mean": 1.0773038978476066,
  "gap_e": {
    "psi12": 0.9456782611512323,
    "psi23": 0.3124848080685916,
    "psi31": 0.3124848080685916
  },
  "generated_utc": "2026-06-29T06:17:34Z",
  "identities_verified": {
    "mu_e_matches_base_times_qbar": true,
    "qbar_matches_exp_eta_bar": true
  },
  "mu_e": {
    "psi12": 0.0013874214804477558,
    "psi23": 0.000954027990417139,
    "psi31": 0.0005296711718162312
  },
  "mu_e_over_base_mu_nu": {
    "psi12": 1.4497002945360173,
    "psi23": 0.9968525629695344,
    "psi31": 0.5534471424944485
  },
  "next_exact_object": {
    "artifact": "oph_neutrino_attachment_bridge_invariant",
    "bridge_law": "lambda_nu = m_star_eV * F_nu(qbar, I_nu)",
    "minimal_alternative": "prove_collapse_theorem_F_nu_equals_F_nu(qbar)",
    "status": "open"
  },
  "normalized_attachment_section_rule": "qbar_e = q_e / mean_f(q_f)",
  "notes": [
    "The normalized overlap-defect weight section is already carried by the live same-label scalar certificate.",
    "This closes the weight normalizer beneath the lambda_nu search surface without promoting lambda_nu itself.",
    "The remaining neutrino attachment gap sits above qbar_e: a positive bridge invariant must attach the D10 amplitude scale to the weighted-cycle normal form."
  ],
  "proof_status": "closed",
  "public_promotion_allowed": false,
  "q_e": {
    "psi12": 0.05173372822682583,
    "psi23": 0.03557349044437228,
    "psi31": 0.019750209174707316
  },
  "q_mean": 0.035685809281968475,
  "qbar_e": {
    "psi12": 1.4497002945360171,
    "psi23": 0.9968525629695346,
    "psi31": 0.5534471424944484
  },
  "raw_edge_score_rule": "q_e = sqrt(g_e * d_e)",
  "realized_same_label_arrows": [
    "psi12",
    "psi23",
    "psi31"
  ],
  "same_label": {
    "psi12": "f1",
    "psi23": "f2",
    "psi31": "f3"
  },
  "same_label_overlap_sq": {
    "psi12": 0.9971698845725935,
    "psi23": 0.9959502888149427,
    "psi31": 0.9987517128757214
  },
  "source_artifacts": [
    "oph_neutrino_same_label_scalar_certificate",
    "oph_realized_same_label_gap_defect_readback"
  ],
  "status": "closed_from_live_same_label_scalar_certificate",
  "weight_rule": "mu_e = base_mu_nu * qbar_e"
}
